ID,Comment_ID,Parent_ID,Submission_ID,Author,Body,Score,Created_UTC,Created_Time,Depth,Crawled_Time
1,njrq3g1,t3_1o7zuj7,1o7zuj7,flimsypantaloon,"A spokesman for the traditional owners was interviewed on the ABC, those cost may be around $250M. They don't want steel as it will rust. 

It's super remote and the chap said it is not planned to open it up as a tourist site  and that it will be only for local traditional owners to visit.

I find it interesting that they want hundreds of tons of epoxy resin installed out in the virgin wilderness where it will inevitably decay to become microplastics. 

Wouldn't $250M be better spent on health or education? Seems like a no brainer.

A plastic cave isn't going to replace what was there.",31,1760608525.0,2025-10-16T20:55:25,0,2025-10-17T18:40:09.191693
2,njs1393,t1_njrq3g1,1o7zuj7,Signal_Possibility80,"Caves for me, not for thee",8,1760614195.0,2025-10-16T22:29:55,1,2025-10-17T18:40:09.191714
3,njsae3n,t3_1o7zuj7,1o7zuj7,StupidWhiteBastard,"Is this satire? 

Replacing the how many thousands of years old with a plastic replica that no one will see and calling it all ok!

I feel like I'm living in a simulation.",13,1760618029.0,2025-10-16T23:33:49,0,2025-10-17T18:40:09.191727
4,njvp5a5,t3_1o7zuj7,1o7zuj7,PanzerBiscuit,"There's performative and there is this.   
$250m for this. Jesus christ.",5,1760656392.0,2025-10-17T10:13:12,0,2025-10-17T18:40:09.191737
5,njsuimr,t3_1o7zuj7,1o7zuj7,chromecasin0,Congrats to everyone in on the take here,6,1760624873.0,2025-10-17T01:27:53,0,2025-10-17T18:40:09.191747
6,njrn2n5,t3_1o7zuj7,1o7zuj7,JamesHenstridge,"I do kind of worry that this is just putting a price on future destruction of heritage sites.

With the rollback of the 2021 Aboriginal Heritage Act, we're back to the situation where the Minister can approve more destruction like this without any community input.",8,1760606709.0,2025-10-16T20:25:09,0,2025-10-17T18:40:09.191756
7,njrcp4w,t3_1o7zuj7,1o7zuj7,SafeFlaredBase,"&gt;An ambitious engineering project is underway to build a full-size replica of the Juukan Gorge rock shelter, which was destroyed by Rio Tinto in 2020.

&gt;While only the cave's western wall remains, a realistic re-creation is being crafted in Perth with the goal to eventually install around the site in WA's north.

&gt;Rio Tinto itself is footing the bill as part of an agreement with Traditional Owners, while a delegation is visiting France to take inspiration from the rebuild of the famous Lascaux and Chauvet caves.

&gt;As part of the project, a delegation from the Puutu Kunti Kurrama (PKKP) and Pinikura Aboriginal Corporation is in France visiting similar replicas of the famous Lascaux and Chauvet caves.",4,1760600141.0,2025-10-16T18:35:41,0,2025-10-17T18:40:09.191765
8,njtikk8,t3_1o7zuj7,1o7zuj7,ingolopinion,Will it be painted colours of the rainbow to recognise a certain section of the community?,-1,1760632062.0,2025-10-17T03:27:42,0,2025-10-17T18:40:09.191778
9,njrcqm0,t3_1o7wfpb,1o7wfpb,Greenscreener,RioTNT should have lost their leases and licenses over this.,5,1760600168.0,2025-10-16T18:36:08,0,2025-10-17T18:40:12.847895
10,njrpvyk,t3_1o7wfpb,1o7wfpb,LeClubNerd,Would have been cheaper to not blow it the fuck up i reckon,3,1760608404.0,2025-10-16T20:53:24,0,2025-10-17T18:40:12.847910
11,njxeoqz,t3_1o7wfpb,1o7wfpb,Moist-Army1707,"Ah yes, that cave that was so important nobody knew about it until Rio Tinto discovered it and spent millions on academic studies into its significance.",1,1760680803.0,2025-10-17T17:00:03,0,2025-10-17T18:40:12.847918
12,hmc3sny,t3_r3niqh,r3niqh,NoHandBananaNo,"Rio Tinto is bad news.

Its pretty regularly pinged out for environmental destruction and pollution, it pullls stunts like destroying a 46,000 year old human habitation in Australia, and its been implicated in corruption scandals way too often as well.

It even helped the Nazis during WW2.

Not surprised they don't want this monster in their country. I dont like having it in mine.",62,1638057015.0,2021-11-28T10:50:15,0,2025-10-17T18:40:27.934509
13,hmc5gkp,t1_hmc3sny,r3niqh,DarkMuret,"Just did some digging

Found out they're opening a mine around me. So that's cool...........

Ugh",15,1638057758.0,2021-11-28T11:02:38,1,2025-10-17T18:40:27.934522
14,hmc5tjk,t1_hmc5gkp,r3niqh,NoHandBananaNo,"That sucks. You guys will have to be vigilant, they do stuff like poison rivers and groundwater.",5,1638057925.0,2021-11-28T11:05:25,2,2025-10-17T18:40:27.934529
15,hmc68g5,t1_hmc5tjk,r3niqh,DarkMuret,"Both projects in the overall proposal lead to the Mississippi, so we'll see what happens

Minnesota has 2 pretty high profile mining projects, and this new mine might fly under the radar",7,1638058108.0,2021-11-28T11:08:28,3,2025-10-17T18:40:27.934536
16,hmdo5bk,t1_hmc3sny,r3niqh,apple_kicks,Not forgetting they‚Äôre still on way to get mining land in Texas in a dodgy land swap. That has unique wildlife and is still used as a Apache ceremonial site at Oak Flats,5,1638087796.0,2021-11-28T19:23:16,1,2025-10-17T18:40:27.934542
17,hmda9qj,t1_hmc3sny,r3niqh,orangutanoz,I remember hearing a few years back that the government was backing the re-settlement of an entire aboriginal community to make way for mining. Did that ever happen and are these two things related?,3,1638078251.0,2021-11-28T16:44:11,1,2025-10-17T18:40:27.934548
18,hmdpvc3,t1_hmda9qj,r3niqh,NoHandBananaNo,"I think you mean Bulga, no they didnt, it now co exists with the mine.

Rio Tinto famously did a lot of forced relocation in Mozambique with some pretty terrible results, moved them from good farmland to shitty unfertile land in the middle of nowhere. https://www.news.com.au/finance/business/miners-vale-rio-tinto-neglecting-locals-in-mozambique-/news-story/0765ba34c51269ab5c291e4282f1b3e1

The Juukan gorge cave in the Pilbara was something else, it was a sacred site for the locals, there were artefacts in there with human hair DNA that was literally thousands of years old, there were bones of extinct animals, it was total vandalism.",5,1638089206.0,2021-11-28T19:46:46,2,2025-10-17T18:40:27.934555
19,hmey14a,t1_hmc3sny,r3niqh,SomeToxicRivenMain,Not sure why he WW2 part matters. It‚Äôs clearly not the same people and lots of companies were fine with the nazis,-1,1638116769.0,2021-11-29T03:26:09,1,2025-10-17T18:40:27.934560
20,hmh4u2v,t1_hmey14a,r3niqh,NoHandBananaNo,I guess I mentioned it to show they have a really long tradition of having a corporate culture thats deeply unethical and puts profits ahead of human life.,1,1638149384.0,2021-11-29T12:29:44,2,2025-10-17T18:40:27.934568
21,hmh5dsy,t1_hmh4u2v,r3niqh,SomeToxicRivenMain,Isn‚Äôt that just corporations in general?,2,1638149635.0,2021-11-29T12:33:55,3,2025-10-17T18:40:27.934573
22,hmf9miq,t3_r3niqh,r3niqh,Threeloopez,"Unfortunately, with this not very well thought out push to electric everything, the world is about to see destruction of land and the taking of property rights on an unprecedented scale. Almost comically, the transition to electric is going to take much longer than the vast majority realized and isn't going to happen any faster than if it was a slow, reasonable transition, the new mining required would almost go unnoticed.",3,1638121606.0,2021-11-29T04:46:46,0,2025-10-17T18:40:27.934579
23,hmcsg32,t3_r3niqh,r3niqh,threwahway,Lol so this is why Elon didn‚Äôt care about the Bolivia thing :),4,1638068665.0,2021-11-28T14:04:25,0,2025-10-17T18:40:27.934584
24,hmejlkv,t3_r3niqh,r3niqh,BeatingOfftoNatGeo,"It‚Äôs fair to hate Rio Tinto as a company since they have an awful ESG record, But we need lithium mines somewhere, and we‚Äôll need them over 10 times the rate that they‚Äôre currently being built if we want to electrify transportation at a reasonable pace",1,1638110084.0,2021-11-29T01:34:44,0,2025-10-17T18:40:27.934589
25,hnc7vrf,t1_hmejlkv,r3niqh,krle994,Then go ahead an build it in your own country.,2,1638722091.0,2021-12-06T03:34:51,1,2025-10-17T18:40:27.934594
26,hncd2b4,t1_hnc7vrf,r3niqh,BeatingOfftoNatGeo,They are. And I support it,0,1638724228.0,2021-12-06T04:10:28,2,2025-10-17T18:40:27.934599
27,hmelgt9,t1_hmejlkv,r3niqh,HughGedic,"The need will decrease, not increase. Because we‚Äôve been investing so much into green energy- we‚Äôre now able to extract lithium from sea water and that‚Äôll just get more efficient with time",0,1638111034.0,2021-11-29T01:50:34,1,2025-10-17T18:40:27.934605
28,hmf7id2,t1_hmelgt9,r3niqh,BeatingOfftoNatGeo,"As much as Reddit loves posting about seawater lithium harvest, it‚Äôs a pipedream that will never happen or at least not in time to create BEVs and grid stability for renewables. At .2ppm lithium in the ocean, just to pump that much seawater would be an immense electricity drain with its own ecological damage",2,1638120748.0,2021-11-29T04:32:28,2,2025-10-17T18:40:27.934610
29,hmf9jty,t1_hmf7id2,r3niqh,HughGedic,"That‚Äôs an average number. It‚Äôs literally like saying ‚Äúwell the ground only has .1ppm lithium so processing all that dirt and rock is just insane stupid pipe dream concept.‚Äù

You obviously seek the sources- a large part of lithium mining today even is all about finding groundwater brines and mineral springs that contain heavy amounts in the water. So we‚Äôd be Piping from underwater vents and such. Obviously not just dropping a tube in the ocean and processing what you get- that‚Äôs insane. Like digging your back yard dirt and relying on that for lithium. What a non-argument lol

The great salt lake contains 60 mg/l, for example, lots of hot springs in Japan have been reported with large quantities, the Dead Sea, mineral springs and groundwater brine outlets into the ocean would be a safer target than digging up the ground next to them, and anything on the ocean or near the ocean has perpetual wave energy available and higher wind and solar potential to greatly alleviate grid pull. It would be foolish to calculate the cost as completely taken from a fossil fuel grid- it‚Äôs on the ocean, ffs 

And just like everything else with progress, it‚Äôs not getting any less efficient, especially if we focus on it.",1,1638121576.0,2021-11-29T04:46:16,3,2025-10-17T18:40:27.934616
30,hmeqyys,t1_hmelgt9,r3niqh,heyitsbobwehadababy,They should just take the lithium out of batteries if they need it so bad.,2,1638113678.0,2021-11-29T02:34:38,2,2025-10-17T18:40:27.934621
31,hmf7pyk,t1_hmeqyys,r3niqh,BeatingOfftoNatGeo,Brilliant! Let‚Äôs take lithium out of batteries to make lithium batteries. Get this guy a Nobel,3,1638120836.0,2021-11-29T04:33:56,3,2025-10-17T18:40:27.934626
32,hmf6jfc,t1_hmeqyys,r3niqh,HughGedic,"Or sea water? I‚Äôm imagining one of those huge desalination ships that make potable water, just also isolating lithium and also removing pollutants and plastics as it goes. Nuclear powered, but accumulating lithium would be a big balance to the cost so those aren‚Äôt so much of just a charity investment

Imo, the best approach is to not overdo any one approach anyway",1,1638120347.0,2021-11-29T04:25:47,3,2025-10-17T18:40:27.934631
33,hmd64km,t3_r3niqh,r3niqh,Trump4Prison2020,"I think what everyone REALLY wants to know is what effect this will have on the [glorious Baltic Greek plans for world domination?](https://www.reddit.com/r/badhistory/comments/idg3yh/greeks_are_just_baltic_people_wearing_funny_hats/)

(yes it's worth the read, especially if you have any knowledge of history!)",1,1638075798.0,2021-11-28T16:03:18,0,2025-10-17T18:40:27.934636
34,hmbp8p4,t3_r3niqh,r3niqh,autotldr,"This is the best tl;dr I could make, [original](https://www.france24.com/en/live-news/20211127-protesters-block-roads-in-serbia-over-lithium-mining-project) reduced by 40%. (I'm a bot)
*****
&gt; Belgrade - Hundreds of environmental protesters blocked roads in Belgrade and other Serbian towns on Saturday, angered at mining giant Rio Tinto&amp;#039;s plans to extract lithium in the Balkan nation.

&gt; &amp;quot;I am here because I don&amp;#039;t want them to sell off the land of my ancestors. Serbia is not for sale,&amp;quot; one of the protesters, Milan Milosavljevic, a 31-year-old musician, told AFP. Protesters also blocked roads in several other Serbian towns, including Novi Sad in the north, central Kragujevac, Sabac in the northwest and the western town of Valjevo, according to the N1 television channel.

&gt; The company intends to invest $2.4 billion in the project, according to Vesna Prodanovic, director of Rio Sava, Rio Tinto&amp;#039;s sister company in Serbia.


*****
[**Extended Summary**](http://np.reddit.com/r/autotldr/comments/r3o435/hundreds_of_environmental_protesters_blocked/) | [FAQ](http://np.reddit.com/r/autotldr/comments/31b9fm/faq_autotldr_bot/ ""Version 2.02, ~609973 tl;drs so far."") | [Feedback](http://np.reddit.com/message/compose?to=%23autotldr ""PM's and comments are monitored, constructive feedback is welcome."") | *Top* *keywords*: **Rio**^#1 **town**^#2 **protesters**^#3 **company**^#4 **lithium**^#5",1,1638050490.0,2021-11-28T09:01:30,0,2025-10-17T18:40:27.934641
35,hmd3njj,t3_r3niqh,r3niqh,NoRootNoRide,They don't want coal mines and oil exploration. But they also don't want the alternative. Fuck's sake.,-12,1638074438.0,2021-11-28T15:40:38,0,2025-10-17T18:40:27.934646
36,hmdnd8n,t3_r3niqh,r3niqh,budmeisner1,Green NEW DEAL ?,0,1638087177.0,2021-11-28T19:12:57,0,2025-10-17T18:40:27.934651
37,hmckitu,t3_r3niqh,r3niqh,kernan_rio,Vote with your wallets. Stop buying electric cars.,-9,1638064795.0,2021-11-28T12:59:55,0,2025-10-17T18:40:27.934656
38,hmejipn,t3_r3niqh,r3niqh,medst00dent,Doesn‚Äôt everyone want a green electric car?,-2,1638110042.0,2021-11-29T01:34:02,0,2025-10-17T18:40:27.934661
39,mpyvj2h,t3_1kc05rr,1kc05rr,bucketreddit22,*shocked pikachu face*,30,1746074554.0,2025-05-01T14:42:34,0,2025-10-17T18:40:30.993701
40,msz6oqq,t3_1kp2tgd,1kp2tgd,LordSmokio,"As someone who's from Alma, this is *massive* for us here. Our region would barely exist without Rio Tinto.",2,1747585949.0,2025-05-19T02:32:29,0,2025-10-17T18:40:34.998704
41,msz79hc,t1_msz6oqq,1kp2tgd,180sxqc,Mets en! ü§òü§ò,2,1747586136.0,2025-05-19T02:35:36,1,2025-10-17T18:40:34.998729
42,msvszg3,t3_1kp2tgd,1kp2tgd,bouchecl,"500 MW of guaranteed hydropower with a 1¬¢/kWh production cost... Rio Tinto won't be able to find anything that cheap in MAGAland, or anywhere else in the world, to make aluminum.",10,1747529807.0,2025-05-18T10:56:47,0,2025-10-17T18:40:34.998746
43,msuw7y7,t3_1kp2tgd,1kp2tgd,Rotten_Duck,"Well the plant has been there for 99 years, it has seen presidents and tariffs and much more. I guess they look long term.",10,1747517623.0,2025-05-18T07:33:43,0,2025-10-17T18:40:34.998760
44,msxyvsw,t1_msuw7y7,1kp2tgd,TK21879,"Woah man, this is where I grew up, it's so weird reading about it on Reddit!

I've since moved, but I remember growing up there were concerns about the plant possibly closing. I'm glad to see it's not going anywhere!

Funny story, there was a Bauxite lake in the woods behind my house and we used to tell stories of how one kid felt in there and just melted. You can tell I had watched Robocop one too many times!",3,1747570674.0,2025-05-18T22:17:54,1,2025-10-17T18:40:34.998774
45,msuz1gt,t1_msuw7y7,1kp2tgd,faizimam,"I thought you were exaggerating but wow.

Entered operation in 1926.",6,1747518607.0,2025-05-18T07:50:07,1,2025-10-17T18:40:34.998789
46,msw2nxu,t1_msuz1gt,1kp2tgd,Ragnarok_del,"when you build something to last and maintain it, it... lasts. That's why europeans dont build houses made of cardboard and popsicle sticks.",2,1747533765.0,2025-05-18T12:02:45,2,2025-10-17T18:40:34.998804
47,kof03qb,t3_1ag7ros,1ag7ros,AutoModerator,"**AVISO:** Submeteu um artigo da plataforma [N√≥nio](https://nonio.pt) - uma plataforma que viola a privacidade do leitor.

Visita o site [Anti N√≥nio](https://nonio.pt/) para saber o que √© e como bloquear o tracking desta plataforma.

----------


*I am a bot, and this action was performed automatically. Please [contact the moderators of this subreddit](/message/compose/?to=/r/portugal) if you have any questions or concerns.*",1,1706782507.0,2024-02-01T21:15:07,0,2025-10-17T18:40:39.608676
48,kof6378,t3_1ag7ros,1ag7ros,JustaPanther,"No outro dia um carro entrou num caf√©, agora numa escola, o que vir√° a seguir? Num stand?",83,1706786762.0,2024-02-01T22:26:02,0,2025-10-17T18:40:39.608690
49,kofpe80,t1_kof6378,1ag7ros,Henchman66,√â a nossa americani√ßƒÅo e o fomento da cultura do drive through.,41,1706796554.0,2024-02-02T01:09:14,1,2025-10-17T18:40:39.608700
50,kofeneg,t1_kof6378,1ag7ros,KokishinNeko,"Tens de ter f√© na humanidade, daqui a 50 anos com muita sorte, v√£o conseguir entrar num parque de 1 lugar sem ocupar parte dos lugares laterais. Se calhar precisamos do Musk para desenvolver uma IA que fa√ßa isto, porque se estivermos √† espera da IHP estamos bem fdidos.",4,1706791659.0,2024-02-01T23:47:39,1,2025-10-17T18:40:39.608707
51,kofgp5g,t3_1ag7ros,1ag7ros,jppmf1,"Ha uns dias andava por aqui um bacana a pedir ajuda que n√£o conseguia por nada tirar a carta de condu√ß√£o. Era s√≥ chumbos. 

A malta a encorajar a continuar a tentar... Eu sugeri que abandonasse a ideia, disse que nem toda a gente foi feita para conduzir um peda√ßo de metal de 2 toneladas a 100km/h, e que n√£o era menos que ningu√©m por isso. Foi chuva de downvotes e insultos. Enfim...",60,1706792671.0,2024-02-02T00:04:31,0,2025-10-17T18:40:39.608715
52,kofwoev,t1_kofgp5g,1ag7ros,masterspawn,Vi esse post e pensei exactamente o mesmo.nem todos temos as mesmas aptid√µes.  E conduzir √© uma enorme responsabilidade.  At√© acho o exame de condu√ß√£o demasiado f√°cil.,22,1706799451.0,2024-02-02T01:57:31,1,2025-10-17T18:40:39.608723
53,kof0ds1,t3_1ag7ros,1ag7ros,wakerdan,"Mais uma vez o carro que se conduz sozinho... Acusam falha mec√¢nica, mas parece-me mais a t√≠pica falha humana da confus√£o de pedais. Andei nesta escola e a zona √© bastante calma, com uma rua basicamente s√≥ de uso para a escola e com um parque de estacionamento em frente. Especialmente √†quela hora n√£o d√° para n√£o andar devagar devido √† quantidade de carros para ir deixar as crian√ßas. Falha nos trav√µes n√£o poder√° ter sido, no acelerador n√£o vejo como aconteceria (mas posso estar errado, mec√¢nica autom√≥vel n√£o √© uma √°rea de que perceba), al√©m de que teria de ser mesmo a fundo para acabar t√£o l√° dentro e com tantos estragos. Para os estragos que causou, parece mais que estava a estacionar frente √† entrada e o p√© fugiu para o pedal ao lado.",42,1706782719.0,2024-02-01T21:18:39,0,2025-10-17T18:40:39.608730
54,kof2ck0,t1_kof0ds1,1ag7ros,Glicinias,Poderia talvez ser um ataque epileptico ou parecido tamb√©m...,12,1706784171.0,2024-02-01T21:42:51,1,2025-10-17T18:40:39.608738
55,kog2yfy,t1_kof0ds1,1ag7ros,DanielRoderick,"Eu acho que n√£o √© preciso passar da escola prim√°ria para saber que as not√≠cias n√£o est√£o a inferir que o carro foi sozinho. √â uma not√≠cia de t√≠tulo curto, e toda a gente entende o que se passou. Ou quase toda a gente.",3,1706801791.0,2024-02-02T02:36:31,1,2025-10-17T18:40:39.608745
56,kog3cql,t1_kog2yfy,1ag7ros,ngfsmg,Acho que √© uma refer√™ncia a um caso de h√° uns dias em Monforte onde um carro tamb√©m entrou por um caf√© adentro,6,1706801936.0,2024-02-02T02:38:56,2,2025-10-17T18:40:39.608753
57,kog3w0e,t1_kog3cql,1ag7ros,DanielRoderick,"Sim eu percebi a refer√™ncia, infelizmente passo c√° muito tempo no subreddit. Mas agora vai ser uma enchente de posts porque ""carro entrou"". S√≥ estava a comentar a primeira frase dele. 

Mas v√°, o dia correu-me mal hoje estou picuinhas.",2,1706802128.0,2024-02-02T02:42:08,3,2025-10-17T18:40:39.608760
58,kof62tv,t3_1ag7ros,1ag7ros,P0RTUGAL,Red river city represent ü´∂ü§òü´∂,23,1706786755.0,2024-02-01T22:25:55,0,2025-10-17T18:40:39.608769
59,kof6bvb,t1_kof62tv,1ag7ros,wakerdan,4435 ü´∂,16,1706786918.0,2024-02-01T22:28:38,1,2025-10-17T18:40:39.608778
60,kofgq9f,t3_1ag7ros,1ag7ros,Chainsaw_Ivo,C√° para mim algu√©m pediu um Uber.,6,1706792686.0,2024-02-02T00:04:46,0,2025-10-17T18:40:39.608787
61,kof71ly,t3_1ag7ros,1ag7ros,Rodrake,"""Nem todos os carros s√£o iguais"" dizem eles. Diz isto quem n√£o tem carros como vizinho",10,1706787376.0,2024-02-01T22:36:16,0,2025-10-17T18:40:39.608794
62,kof1i9d,t3_1ag7ros,1ag7ros,KokishinNeko,"Mau, mais uma que ficou de trombas porque n√£o lhe serviram a cerveja? :)))",18,1706783548.0,2024-02-01T21:32:28,0,2025-10-17T18:40:39.608802
63,kof5cei,t1_kof1i9d,1ag7ros,No-Thanks4325,A funcion√°ria do bar da escola meteu pouca mostarda no cachorro,7,1706786270.0,2024-02-01T22:17:50,1,2025-10-17T18:40:39.608809
64,kof5guh,t1_kof5cei,1ag7ros,KokishinNeko,WHAT??? h√° mesmo gente sem escr√∫pulos.,1,1706786354.0,2024-02-01T22:19:14,2,2025-10-17T18:40:39.608817
65,kofb36b,t3_1ag7ros,1ag7ros,Strange-Ad8829,Virou moda?,3,1706789774.0,2024-02-01T23:16:14,0,2025-10-17T18:40:39.608824
66,kog5vjt,t3_1ag7ros,1ag7ros,Street_Knowledge1277,Se calhar teve um *meltdown* mental. Mas depois da asneira que fez acusou o pr√≥prio carro.,3,1706802833.0,2024-02-02T02:53:53,0,2025-10-17T18:40:39.608831
67,kofk01c,t3_1ag7ros,1ag7ros,k0rda,"""Foi um acidente, os feridos s√£o leves""  
√â uma escola, se calha a ser um gin√°sio eram feridos pesados",2,1706794211.0,2024-02-02T00:30:11,0,2025-10-17T18:40:39.608839
68,kofyiwx,t1_kofk01c,1ag7ros,masterspawn,Ou no McDonald's!,2,1706800153.0,2024-02-02T02:09:13,1,2025-10-17T18:40:39.608846
69,kof7i5t,t3_1ag7ros,1ag7ros,14soulrebel,"T√° explicado, aposto que mesmo assim ia a fazer sinais de luzes, e sem piscas.",1,1706787663.0,2024-02-01T22:41:03,0,2025-10-17T18:40:39.608854
70,kogcxsf,t3_1ag7ros,1ag7ros,Dr_Toehold,Carro entra? Sozinho? Era o KITT ou um transformer?,1,1706805302.0,2024-02-02T03:35:02,0,2025-10-17T18:40:39.608860
71,kohkhuu,t3_1ag7ros,1ag7ros,General-Cod526,"Foi a pr√≥pria professora que, desesperada, decidiu escolher a viol√™ncia xD ü§£",1,1706820074.0,2024-02-02T07:41:14,0,2025-10-17T18:40:39.608867
72,kohvbw4,t3_1ag7ros,1ag7ros,hey_peky,Sempre se disse que os paizinhos s√≥ n√£o entram na escola para deixar/pegar os filhos porque n√£o podem... este/a achou que podia!,1,1706823687.0,2024-02-02T08:41:27,0,2025-10-17T18:40:39.608874
73,kok3g8k,t3_1ag7ros,1ag7ros,Asew24,"Terra de gunas, o pior √© a noite q querem espetar uma a mim fds, andam tolos esta gente.

Espero que estejam bem no que aconteceu, pode acontecer qualquer um que est√£o a conduzir. Conduzem com cuidado  e atentos nos carros",1,1706858149.0,2024-02-02T18:15:49,0,2025-10-17T18:40:39.608880
74,iqikpso,t3_xs30li,xs30li,throwawaywitchaccoun,"I've been to the mines in Kutna-Hura Czechia and they are fascinating. I forget the dates, but they were using some of the same techniques to get at a deep and rich vein of silver. Well worth the trip if you're even in the Czech Republic. (Also the ossuary in neighboring Sedlec)",18,1664554739.0,2022-10-01T02:18:59,0,2025-10-17T18:40:46.024741
75,iqimz7p,t3_xs30li,xs30li,Joe_SHAMROCK,How is it suppose to work? the diagram although very low res shows the system using something like Archimedes‚Äô screws rather than water wheels.,12,1664555629.0,2022-10-01T02:33:49,0,2025-10-17T18:40:46.024756
76,iqjjpko,t1_iqimz7p,xs30li,leorolim,"Buckets scoop water at lowest level.

Buckets drop the water at the highest level where it pools under another wheel. 

Repeat until water exits mine.

The diagram show the vertical wheels head on 

https://pbs.twimg.com/media/FdwHK9TXEAAG2uK?format=jpg&amp;name=900x900",11,1664568809.0,2022-10-01T06:13:29,1,2025-10-17T18:40:46.024767
77,iqir2ta,t1_iqimz7p,xs30li,an_exess_of_zest,Was gonna say that this seems like such a cool thing to see operate. I wish we could recreate it on a smaller scale just to film.,5,1664557255.0,2022-10-01T03:00:55,1,2025-10-17T18:40:46.024774
78,iqjvrca,t3_xs30li,xs30li,Atenos-Aries,Any idea what the motive power for the water wheels was?,9,1664573938.0,2022-10-01T07:38:58,0,2025-10-17T18:40:46.024786
79,iqlpxiw,t1_iqjvrca,xs30li,rasmusdf,A lot of the Roman mines used a lot of slave labor. Expected life-spans was 2 years or so.,3,1664612978.0,2022-10-01T18:29:38,1,2025-10-17T18:40:46.024794
80,iqlx6zh,t1_iqlpxiw,xs30li,Atenos-Aries,Hm. Good point. I was hoping it was some kind of ingenious linkage system to ground level or something.,2,1664619463.0,2022-10-01T20:17:43,2,2025-10-17T18:40:46.024802
81,iqi5m3j,t3_xs30li,xs30li,AnotherMansCause,Credit: https://twitter.com/OptimoPrincipi/status/1575141873659805697,7,1664548671.0,2022-10-01T00:37:51,0,2025-10-17T18:40:46.024809
82,iqkb6p0,t3_xs30li,xs30li,rosenchuck1,"I‚Äôve read that back then as a slave, being sent to these kind of mines was basically a certain death sentence. I can‚Äôt imagine the horrible existence that just have been, but seeing this gives you a small glimpse at the scale of the work. Thanks for sharing.",7,1664581191.0,2022-10-01T09:39:51,0,2025-10-17T18:40:46.024817
83,iql3rjf,t3_xs30li,xs30li,sharkattack85,"Is this from the museum in Seville?

The Archeological Museum in Seville is excellent and I highly recommend going if they have the chance.",5,1664596195.0,2022-10-01T13:49:55,0,2025-10-17T18:40:46.024823
84,iqlt6jj,t1_iql3rjf,xs30li,BishopOdo,I believe it‚Äôs in the British Museum,2,1664615895.0,2022-10-01T19:18:15,1,2025-10-17T18:40:46.024830
85,iqk6lsb,t3_xs30li,xs30li,Tobybrent,Roman technology is extraordinary. That any of it survives is just as amazing.,4,1664578972.0,2022-10-01T09:02:52,0,2025-10-17T18:40:46.024837
86,iqlpw2f,t3_xs30li,xs30li,rasmusdf,Powered by slaves most likely?,3,1664612945.0,2022-10-01T18:29:05,0,2025-10-17T18:40:46.024844
87,iqn5vrv,t1_iqlpw2f,xs30li,spaceraycharles,Yup. Pretty rough to think about.,2,1664643077.0,2022-10-02T03:51:17,1,2025-10-17T18:40:46.024852
88,iqo9q0x,t1_iqn5vrv,xs30li,rasmusdf,Yeah - it was a brutal society. Industrial farms with mass slave labor. And mine slaves with a life expectancy of 2 years.,2,1664660265.0,2022-10-02T08:37:45,2,2025-10-17T18:40:46.024860
89,iqjp13r,t3_xs30li,xs30li,Ivan_the_classy_boi,It wasn't called Andalucia until de Arab invasions,3,1664571018.0,2022-10-01T06:50:18,0,2025-10-17T18:40:46.024867
90,iqjxnuj,t1_iqjp13r,xs30li,imadinosaurAMA,"May be true, but I think they are simply referring to today‚Äôs name of the region.",3,1664574781.0,2022-10-01T07:53:01,1,2025-10-17T18:40:46.024880
91,iqt82oe,t1_iqjxnuj,xs30li,Ivan_the_classy_boi,"&gt;Rio Tinto

uhm nah. Im portuguese, the region is called Porto and the sub-reagion is Rio Tinto.",0,1664749803.0,2022-10-03T09:30:03,2,2025-10-17T18:40:46.024887
92,iqifo7t,t3_xs30li,xs30li,Gilgamesh026,Very Rude Goldburg machine,1,1664552722.0,2022-10-01T01:45:22,0,2025-10-17T18:40:46.024894
93,iqlpzcn,t1_iqifo7t,xs30li,rasmusdf,"It's a water wheel that wouldn't look out of place in the 10th, 13th or 16th centuries I think.",2,1664613022.0,2022-10-01T18:30:22,1,2025-10-17T18:40:46.024901
94,ls1xbyp,t3_1g460lo,1g460lo,ShaneBoy_00X,"Kakva plata, kakvi bakraƒçi kad neƒáe kopati..!",53,1729006722.0,2024-10-16T02:38:42,0,2025-10-17T18:40:49.437434
95,ls3bz0i,t1_ls1xbyp,1g460lo,acknowledgments,"Koja priƒça hahaha, a na Linkedin uveliko tra≈æe radnike. To je zavr≈°eno veƒá na≈æalost.",0,1729022685.0,2024-10-16T07:04:45,1,2025-10-17T18:40:49.437448
96,ls3pypa,t1_ls3bz0i,1g460lo,ShaneBoy_00X,Vidimo se na barikadama.,23,1729027137.0,2024-10-16T08:18:57,2,2025-10-17T18:40:49.437457
97,ls1k7l5,t3_1g460lo,1g460lo,srpski-evropljanin,I oni protiv i da rudnik mogu da pretpostave da je ovo glupost. Lol,7,1729002433.0,2024-10-16T01:27:13,0,2025-10-17T18:40:49.437466
98,ls1eiv2,t3_1g460lo,1g460lo,Faber-Ferrarius,Znaƒçi ni≈°ta od slanja CVja tamo ipak.,22,1729000449.0,2024-10-16T00:54:09,0,2025-10-17T18:40:49.437474
99,ls0z0cl,t3_1g460lo,1g460lo,gosha_gary_013,"Koliko god ja smatrao da su plate u Srbiji niske, ova CEP-ova raƒçunica po kojoj je 150.000 dinara potrebno za ""osnovne egzistencijalne potrebe"" je level Momiroviƒáevih jaja samo u suprotnom smeru.

Po tome ispada da 80% ove dr≈æave nema ≈°ta da jede ≈°to je ipak ozbiljnije preterivanje.",50,1728994235.0,2024-10-15T23:10:35,0,2025-10-17T18:40:49.437480
100,ls11qhd,t1_ls0z0cl,1g460lo,crnjaz,"Kazu plata za dostojanstven zivot, a ne prezivljavanje. 

&gt; Ona uvek mora biti dovoljna da pokrije osnovne potrebe ukljuƒçujuƒái hranu, odeƒáu, stanovanje, javni prevoz, komunalije i telekomunikacije, obrazovanje, slobodno vreme i kulturu, adekvatnu zdravstvenu za≈°titu, tro≈°kove za higijenu i odmor. Plata za ≈æivot ukljuƒçuje i diskrecioni dohodak za nepredviƒëene tro≈°kove u visini od 10% cele zarade",68,1728995439.0,2024-10-15T23:30:39,1,2025-10-17T18:40:49.437488
101,ls1i0v1,t1_ls11qhd,1g460lo,Vuk_Farkas,to sto je opisano jeste prezivljavanje,19,1729001695.0,2024-10-16T01:14:55,2,2025-10-17T18:40:49.437496
102,ls11xr1,t1_ls11qhd,1g460lo,gosha_gary_013,"Mislim da postoji razlika izmeƒëu dostojanstvenog ≈æivota i ""osnovnih socijalnih i egzistencijalnih potreba"" kao ≈°to je navedeno u vesti na N1, linkovanoj u ƒçlanku iznad.

&gt;Plata koja pokriva osnovne socijalne i egzistencijalne potrebe radnika ili radnice i njihovih porodica u Srbiji iznosi 144.457 dinara, pokazuje najnoviji obraƒçun Centra za politike emancipacije.",9,1728995525.0,2024-10-15T23:32:05,2,2025-10-17T18:40:49.437503
103,ls12crk,t1_ls11xr1,1g460lo,crnjaz,"Sta od gorenavedenog nije osnovna socijalna i egzistencijalna potreba? To ≈°to smo nauƒçeni da trpimo bez nekih stvari, ne znaƒçi da to tako treba.",19,1728995706.0,2024-10-15T23:35:06,3,2025-10-17T18:40:49.437510
104,ls747q9,t1_ls11qhd,1g460lo,BarskiPatzow,Koje dostojanstvo kad radi≈° za Rio Tinto?,1,1729085086.0,2024-10-17T00:24:46,2,2025-10-17T18:40:49.437518
105,ls1m74u,t1_ls0z0cl,1g460lo,Brda_Kreativno_Ime,"U pravu su skroz, 150k ti je potrebno samo za osnovne egzistencijalne potrebe. 
Source: plata mi je 150k",7,1729003097.0,2024-10-16T01:38:17,1,2025-10-17T18:40:49.437525
106,ls10l04,t3_1g460lo,1g460lo,Helios_Exousia,"Plata za ≈æivot po kom izvoru? Pustite me bredditovskih ""bez 3000e nema≈° ni za ≈°ta"" fora.",18,1728994936.0,2024-10-15T23:22:16,0,2025-10-17T18:40:49.437533
107,ls11d4b,t1_ls10l04,1g460lo,gosha_gary_013,"Neka grupa sindikata i nevladinih organizacija, meƒëu kojima je i recimo A11 koja je svojevremeno izrazila protivljenje predlogu da se isplata socijalne pomoƒái Romima uslovi time da deca iz tih porodica redovno pohaƒëaju obavezno osnovno≈°kolsko obrazovanje jer je to ""diskriminacija"".

Govori dosta o kredibilitetu te grupe.",20,1728995278.0,2024-10-15T23:27:58,1,2025-10-17T18:40:49.437540
108,ls1zsij,t1_ls11d4b,1g460lo,Karl1ng,sors?,0,1729007511.0,2024-10-16T02:51:51,2,2025-10-17T18:40:49.437547
109,ls7dpe1,t3_1g460lo,1g460lo,Machinekalibar,Studija je radjena za 2021. Posle inflacije 2022/2023 dosta podataka u njoj je zastarelo. Inflacija je od tada bila skoro 30% tako da racunajte 1100*1.3,2,1729088499.0,2024-10-17T01:21:39,0,2025-10-17T18:40:49.437555
110,ls3krwb,t3_1g460lo,1g460lo,Sewnkin23,"Sta to znaci da samo ta govna moraju da zive dostojanstveno?
A nece imati bagra iz kadrovske lepe zarade naspram sirotih rudara? bas mi ih je zao iskreno, sad cu poceti plakati.",1,1729025449.0,2024-10-16T07:50:49,0,2025-10-17T18:40:49.437561
111,ls19ygf,t3_1g460lo,1g460lo,drazzolor,Ali 2 jajeta,1,1728998749.0,2024-10-16T00:25:49,0,2025-10-17T18:40:49.437569
112,g0vfdx8,t3_i68hqd,i68hqd,Cerberus_Aus,Surprised Pikachu face,1,1596959231.0,2020-08-09T17:47:11,0,2025-10-17T18:40:53.742231
113,g0v8ig5,t3_i68hqd,i68hqd,mumooshka,"of course they didn't.

They've never been above board.

They will always gain immunity from the government who gets nice monetary kickbacks",19,1596953038.0,2020-08-09T16:03:58,0,2025-10-17T18:40:53.742244
114,g0vamus,t1_g0v8ig5,i68hqd,marcusalien,"&gt;	They've never been above board.

You do realise they‚Äôre mining?",2,1596954860.0,2020-08-09T16:34:20,1,2025-10-17T18:40:53.742253
115,g0vbmax,t1_g0vamus,i68hqd,feedMeWizDom88,I think he meant the traditional owners of the land. Not Rio tinto.,-3,1596955720.0,2020-08-09T16:48:40,2,2025-10-17T18:40:53.742260
116,g0vnbp5,t1_g0vbmax,i68hqd,mumooshka,Rio Tinto have never been honest and have broken many traditional agreements due to the power of money.,4,1596967348.0,2020-08-09T20:02:28,3,2025-10-17T18:40:53.742268
117,g0v6889,t3_i68hqd,i68hqd,auntynell,"Unbelievable cultural crime. I used to work for them, and they talk the talk but upper management must be stupid and heartless to go ahead with this.",13,1596951171.0,2020-08-09T15:32:51,0,2025-10-17T18:40:53.742276
118,g0utp6x,t3_i68hqd,i68hqd,RogerRoofersy,Seems like every rock becomes sacred when there‚Äôs money at stake,-24,1596942426.0,2020-08-09T13:07:06,0,2025-10-17T18:40:53.742285
119,g0uvv0n,t1_g0utp6x,i68hqd,buctrack,Seems like nothing is sacred when there is money at stake,34,1596943778.0,2020-08-09T13:29:38,1,2025-10-17T18:40:53.742293
120,g0usa6w,t3_i68hqd,i68hqd,Dragonstaff,"Why would they? They didn't care, and would do exactly the same thing next time.",7,1596941553.0,2020-08-09T12:52:33,0,2025-10-17T18:40:53.742300
121,g0unent,t3_i68hqd,i68hqd,Some_random_redditer,Same old story,7,1596938581.0,2020-08-09T12:03:01,0,2025-10-17T18:40:53.742307
122,g0ufeda,t3_i68hqd,i68hqd,8U7Y,"Worst they'll suffer is a slap on the wrist, they say ""we are absolutely sorry for what happened"" while gleefully pocketing the $135mil and forgetting about the whole incident. Should never have happened in the first place.",21,1596934187.0,2020-08-09T10:49:47,0,2025-10-17T18:40:53.742314
123,g0ubonq,t3_i68hqd,i68hqd,DegeneratesInc,I don't suppose Rio Tinto could have just gone ahead and used those alternatives instead of blowing up priceless artifacts?,13,1596932147.0,2020-08-09T10:15:47,0,2025-10-17T18:40:53.742320
124,g0ul8my,t1_g0ubonq,i68hqd,CompetitiveEast1,The artifacts were already identified and taken. It was just a cave. Its amazing people who dont read up about what actually happened.,-15,1596937376.0,2020-08-09T11:42:56,1,2025-10-17T18:40:53.742327
125,g0vfuho,t1_g0ul8my,i68hqd,FartHeadTony,"Yeah, that's not how arch√¶ology works. The fact that they removed *some* artefacts doesn't mean there was nothing of value or meaning left, or nothing that might not be found a hundred years from now with techniques not invented yet.

It was in use over a period of 40,000 years. There's still going to be stuff there, or there was still stuff there.",6,1596959684.0,2020-08-09T17:54:44,2,2025-10-17T18:40:53.742334
126,g0unl7c,t1_g0ul8my,i68hqd,DegeneratesInc,They took paintings off the walls?  That's impressive!  Where can I see them (and anything else of that nature that Rio T might want to make money off)?,12,1596938683.0,2020-08-09T12:04:43,2,2025-10-17T18:40:53.742341
127,g0upwve,t1_g0unl7c,i68hqd,CompetitiveEast1,"What paintings?

[https://www.abc.net.au/news/2020-06-05/rio-tinto-knew-6-years-ago-about-46000yo-rock-caves-it-blasted/12319334](https://www.abc.net.au/news/2020-06-05/rio-tinto-knew-6-years-ago-about-46000yo-rock-caves-it-blasted/12319334)

Read up on it before you comment. Not every cave has rock art. The pulled everything out of it. In the end it was just a cave used by humans once.",-8,1596940096.0,2020-08-09T12:28:16,3,2025-10-17T18:40:53.742348
128,le36mxh,t3_1e7rim0,1e7rim0,Inner-Beginning16,"Nije pitanje da li hoƒáemo da se borimo ili ne, nego da li hoƒáemo da postojimo ili ne.",56,1721486808.0,2024-07-21T00:46:48,0,2025-10-17T18:40:57.501296
129,le3g4io,t3_1e7rim0,1e7rim0,JovoNanovo,"Po≈°to je sada≈°nja vlast uz pomoƒá izborne kraƒëe osvojila vlast, to znaƒçi da nemaju legitimitet da vr≈°e vlast i svi sporazumi koja ta vlast sklopi i dozvole koja ta vlast izda su neva≈æeƒái. Ako Rio Tinto poku≈°a da kopa litijum na osnovu neva≈æeƒáih dozvola izdatih od strane nelegitimne vlasti onda svaki graƒëanin ima pravo da ih spreƒçi u tome. Tako da ≈°to se tiƒçe Ustava i zakona, situacija je jasna, narod ima pravo da uspostavi zakonitost i po cenu da te akcije proizvedu materijalnu ≈°tetu preduzeƒáima koje izvode nelegalne radove.",26,1721490292.0,2024-07-21T01:44:52,0,2025-10-17T18:40:57.501309
130,le58dnp,t1_le3g4io,1e7rim0,Kosmi_pro,"Ko odredjuje sta je legitimno a sta nije?
Pa organi drzave. Ok drzavni organi zbog korupcije kako navodis nisu legitimni, ko onda u tom slucaju odredjuje legitimitet? U retkim slucajevima (mada kada su zapadnj interesi ipitanju onda uvek) druge drzave iz okruzenja ili jednostavno samo mocnije drzave u suprotnom uglavnom medjunarodni organi. Otuda i potreba za ligom naroda pa zatim za UN-om da postoji neko vise telo koje mora da nadgleda drzave. Ali znamo koje iznad UN-a... Stoga to sto ti pricas da nije legitimno je ustvari i te kako legitimno ako neke drzave kazu da jeste. 
Jedini nacin je giljotina i na sve ili nista odupiranje pa sta bude. Za ostale nacine ostaje da vidimo posledice",3,1721514436.0,2024-07-21T08:27:16,1,2025-10-17T18:40:57.501319
131,le3q6uo,t3_1e7rim0,1e7rim0,SinTransCringeZumera,"Setite se priprema za Beograd na Vodi i ru≈°enja u sred noƒái i likova sa fantomkama.

Jese neko bunio, ma jok koga briga.

Sad ƒáe biti jo≈° gore.",16,1721493974.0,2024-07-21T02:46:14,0,2025-10-17T18:40:57.501327
132,le4sel1,t1_le3q6uo,1e7rim0,teki4s,"To je bilo na poƒçetku vlasti.

Vuƒçiƒá i ekipa sada veƒá imaju gomilu ozbiljnih afera iza sebe i popularnost im je daleko manja.

I nije bilo nikog briga. Izrodila je jedan od veƒáih opozicionih pokreta (ma kakav on bio)

Plus, ovo je daleko gori problem. Tiƒçe se bukvalno cele zemlje. Ono se ticalo samo graƒëana savamale, eventualno Beograƒëana, u ≈°irem kontekstu.",3,1721508167.0,2024-07-21T06:42:47,1,2025-10-17T18:40:57.501336
133,le57wka,t1_le4sel1,1e7rim0,ZucchiniMore3450,"Pa... ne big se slo≈æio. Mada se cigle ticale samp tih par ljudi, naƒçin na koji je to uradjeno se ticalo svih nas i dovelo nas je do ove situacije.


A tada je na protest do≈°lo max 10000 ljudi, verovatno ni toliko.",6,1721514240.0,2024-07-21T08:24:00,2,2025-10-17T18:40:57.501385
134,lebxwzi,t1_le4sel1,1e7rim0,NegotiationNo4399,"Bas tako, imaju gomila afera tako da je narod oguglao i iznova i iznova iznenadjuju narod novim glupostima, ali se nista ne desava",1,1721620345.0,2024-07-22T13:52:25,2,2025-10-17T18:40:57.501394
135,le3cenx,t3_1e7rim0,1e7rim0,SinTransCringeZumera,"Bili su izbori.

Narod i bosanci su glasali za Rio Tinto.",33,1721488944.0,2024-07-21T01:22:24,0,2025-10-17T18:40:57.501406
136,le3zjll,t1_le3cenx,1e7rim0,VteChateaubriand,"To nista ne znaci. Ako je vlast prekrsila drustveni ugovor, a nepostovanje vladavine prava bi bio primer toga, ustavom je zagarantovano pravo na pobunu.",4,1721497389.0,2024-07-21T03:43:09,1,2025-10-17T18:40:57.501416
137,le408es,t1_le3zjll,1e7rim0,SinTransCringeZumera,Ustav se kr≈°i svaki dan i nikom ni≈°ta.,12,1721497642.0,2024-07-21T03:47:22,2,2025-10-17T18:40:57.501427
138,le4s2ty,t1_le408es,1e7rim0,teki4s,Upravo.,1,1721508049.0,2024-07-21T06:40:49,3,2025-10-17T18:40:57.501437
139,le41b2q,t1_le408es,1e7rim0,VteChateaubriand,A jbg ü§∑,1,1721498038.0,2024-07-21T03:53:58,3,2025-10-17T18:40:57.501446
140,le41q7l,t3_1e7rim0,1e7rim0,VteChateaubriand,"&gt;Da li narod koji je zrtvovan od strane politicara i Rio Tinta ima pravo na samo-odbranu

Ima. Zove se pravo na pobunu i zagarantovano je ustavom i poveljom un-a, i mnogo je fleksibilnije sto se tice kriterijuma od samo ugrozenosti zdravlja i zivota",6,1721498192.0,2024-07-21T03:56:32,0,2025-10-17T18:40:57.501455
141,le3af6a,t3_1e7rim0,1e7rim0,ShaneBoy_00X,https://preview.redd.it/ewxhr0ybwodd1.jpeg?width=474&amp;format=pjpg&amp;auto=webp&amp;s=9c35d97d961f21dcd762a4d87f3f7713a1fe6d1b,3,1721488224.0,2024-07-21T01:10:24,0,2025-10-17T18:40:57.501463
142,le33ltp,t3_1e7rim0,1e7rim0,happymillyvanilly,Pozovite na odgovornost sad one koji nisu hteli da izadju na glasanje...,10,1721485668.0,2024-07-21T00:27:48,0,2025-10-17T18:40:57.501473
143,le3wo5d,t1_le33ltp,1e7rim0,Mr_strelac,vise njih je glasalo,4,1721496335.0,2024-07-21T03:25:35,1,2025-10-17T18:40:57.501483
144,le3nc58,t1_le33ltp,1e7rim0,zokabosanac,Republiƒçki izbori su bili 17 decembra. Svi su pozivali na glasanje koliko se seƒáam.,2,1721492927.0,2024-07-21T02:28:47,1,2025-10-17T18:40:57.501492
145,le3ejko,t1_le33ltp,1e7rim0,JovoNanovo,≈†ta da rade kad nemaju za koga da glasaju.,0,1721489720.0,2024-07-21T01:35:20,1,2025-10-17T18:40:57.501501
146,le3gknz,t1_le3ejko,1e7rim0,happymillyvanilly,"Za bilo koga, i simpanze da nas vode bolje bi bilo od ovih...",1,1721490457.0,2024-07-21T01:47:37,2,2025-10-17T18:40:57.501511
147,le3ihiz,t1_le3gknz,1e7rim0,JovoNanovo,"To je svakome jasno, ali kad treba da se glasa onda ima≈° veliki broj ljudi koji ""nemaju za koga da glasaju"".",1,1721491143.0,2024-07-21T01:59:03,3,2025-10-17T18:40:57.501521
148,le3w1yt,t3_1e7rim0,1e7rim0,Mr_strelac,"ima.

zove se izbori. a narod je izabrao OVO sto se sad desava.

a to sto sto je narod glup, pa se proda za dve crvene to je njegov problem.

politicar barem naplati normalno korupciju, a narod se daje bukvalno dzabe.

uzeo si crvenu, ili jos gore paket od kile brasna i jednog ulja (ne zaboravimo OLOVKU, hebenu olovku) i kalendar sa vodjinim likom ...onda cuti.

posle hebanja nema kajanja, bilo pa proslo, posledice ostaju.

  
jos gore, da ti sto ce da vade litijum, odu po okolnim selima, pa podele nesto novca, odjednom bi volsebno postali super.",4,1721496109.0,2024-07-21T03:21:49,0,2025-10-17T18:40:57.501530
149,le4sn7j,t1_le3w1yt,1e7rim0,teki4s,"Nesreƒëeni biraƒçki spisak

Uvoƒëenje glasaƒça

Prekrajanje zapisnika (dokazano u ni≈°u)

La≈æne manjinske stranke ('ruska stranka' u ni≈°u)

Ajde vi≈°e batalite tu 'glasali ste' mantru

Glasali smo kurac",9,1721508257.0,2024-07-21T06:44:17,1,2025-10-17T18:40:57.501538
150,le4wucy,t1_le4sn7j,1e7rim0,237q,"Hvala Ni≈°u ≈°to je pokazao da meƒëu botovima ima i ljudi. Srbija postala [gora od fejsbuka](https://en.wikipedia.org/wiki/Dead_Internet_theory) jbt. ≈†ta se desilo posle, to veƒá ne razumem.",3,1721509846.0,2024-07-21T07:10:46,2,2025-10-17T18:40:57.501547
151,le502sn,t1_le4wucy,1e7rim0,teki4s,"Hoƒáe≈° da mi ka≈æe≈° da je Gugl stvorio SEO industriju vrednu preko $68 biliona dolara

koja se bazira iskljuƒçivo na manipulisanju rezultata pretrage (nad kojom Gugl ima monopol od 90% btw)

I da vlade dr≈æava ne rade isto samo u cilju manipulisanja javnog mnjenja????

Ajde be≈æi bre na Balkan info sa tim teorijama zavere",1,1721511106.0,2024-07-21T07:31:46,3,2025-10-17T18:40:57.501555
152,le3ongj,t3_1e7rim0,1e7rim0,seoskimuzikopustac,https://preview.redd.it/wnt89bjqbpdd1.jpeg?width=1080&amp;format=pjpg&amp;auto=webp&amp;s=74ecdfdbfe8f21f21e76cfce66b06813be59ff6e,4,1721493413.0,2024-07-21T02:36:53,0,2025-10-17T18:40:57.501564
153,le3aogy,t3_1e7rim0,1e7rim0,crnjaz,"Brt, ako nema≈° ƒçlansku kartu, ima≈° prava koliko Vuƒçiƒá misli da treba da ima≈°.

Glasao narod da mu je to ok.",3,1721488317.0,2024-07-21T01:11:57,0,2025-10-17T18:40:57.501573
154,le3mnfm,t1_le3aogy,1e7rim0,drug_K,I ako ima≈°.,2,1721492673.0,2024-07-21T02:24:33,1,2025-10-17T18:40:57.501583
155,le3dzqm,t3_1e7rim0,1e7rim0,grchina,"Smarate vise sa rt, kukanje na reditu ne radi nista u realnosti",3,1721489520.0,2024-07-21T01:32:00,0,2025-10-17T18:40:57.501590
156,le45sdn,t3_1e7rim0,1e7rim0,Elyay,Narod naravno ima pravo ali veƒá je odluƒçeno,1,1721499688.0,2024-07-21T04:21:28,0,2025-10-17T18:40:57.501598
157,le8752b,t1_le45sdn,1e7rim0,Mici1987,Mogu da odluce sutra i oci da nam vade pa to ne znaci da treba da cutimo.,3,1721570624.0,2024-07-22T00:03:44,1,2025-10-17T18:40:57.501606
158,legsd7i,t1_le8752b,1e7rim0,Inner-Beginning16,tako je bre,1,1721692878.0,2024-07-23T10:01:18,2,2025-10-17T18:40:57.501613
159,le2ucc0,t3_1e7rim0,1e7rim0,SensitiveRepublic129,https://preview.redd.it/oapwxmmfdodd1.jpeg?width=578&amp;format=pjpg&amp;auto=webp&amp;s=9f4ef197071688ef93b03a5beba7a195771b8664,-5,1721481873.0,2024-07-20T23:24:33,0,2025-10-17T18:40:57.501621
160,le2wehw,t1_le2ucc0,1e7rim0,MelancholicOptimism,"Iako mi je gospodin antipatiƒçan, moram da naglasim da je ovo ƒçista glupost sa dru≈°tvenih mre≈æa, koju je servirao niko drugi nego Prigo≈æin, nakon ≈°to je Nemaƒçka odbacila ruske tvrdnje o genocidu u Ukrajni.

Nisu nikako povezani, osim prezimenom koje je nimalo retko.",15,1721482774.0,2024-07-20T23:39:34,1,2025-10-17T18:40:57.501629
161,hlb4lz4,t3_qxq7ll,qxq7ll,reycrok32,"Vuƒçko : Nije kurac, ja radim sa svojom dr≈æavom ≈°ta oƒáu
(u pozadini beogradjani iz bloka dvojke se dave u prljavoj vodi)",66,1637358000.0,2021-11-20T08:40:00,0,2025-10-17T18:41:02.038590
162,hlb7lpm,t3_qxq7ll,qxq7ll,SpicyJalapenoo,–î–æ —ò–∞—ò–∞ —Å–ø–æ—Ç üëèüëè,41,1637359206.0,2021-11-20T09:00:06,0,2025-10-17T18:41:02.038603
163,hlb8x6e,t3_qxq7ll,qxq7ll,SeremGovna,Ko ne popuni anketu i ne podrzi akciju mali mu je kurac!,90,1637359754.0,2021-11-20T09:09:14,0,2025-10-17T18:41:02.038613
164,hlbrnpy,t1_hlb8x6e,qxq7ll,Elegant-Umpire-91,Meni je svakako mali ali popunio sam anketu.,62,1637367722.0,2021-11-20T11:22:02,1,2025-10-17T18:41:02.038623
165,hlcdbng,t1_hlbrnpy,qxq7ll,SrbBrb,Veliki ljudi ne priƒçaju o malim stvarima.,5,1637377985.0,2021-11-20T14:13:05,2,2025-10-17T18:41:02.038633
166,hlbb0h8,t1_hlb8x6e,qxq7ll,thejetblackwings,link?,15,1637360639.0,2021-11-20T09:23:59,1,2025-10-17T18:41:02.038641
167,hlbb9t5,t1_hlbb0h8,qxq7ll,SeremGovna,https://peticije.kreni-promeni.org/petitions/stop-rudniku-litijuma-rio-tinto-mars-sa-drine?source=homepage&amp;utm_medium=promotion&amp;utm_source=homepage,32,1637360750.0,2021-11-20T09:25:50,2,2025-10-17T18:41:02.038650
168,hlc3jdw,t1_hlb8x6e,qxq7ll,Elqueq,Koju anketu (neƒáu malu pi≈°u)?,6,1637373142.0,2021-11-20T12:52:22,1,2025-10-17T18:41:02.038658
169,hlbfy9h,t3_qxq7ll,qxq7ll,Smooth_Ad_1118,–í–∏–∫—Ç–æ—Ä –°–∞–≤–∏—õ –±—Ä–∞—Ç–∏–Ω–∞!,51,1637362693.0,2021-11-20T09:58:13,0,2025-10-17T18:41:02.038665
170,hlbe0l1,t3_qxq7ll,qxq7ll,beshuka,Sviƒëa mi se kori≈°ƒáenje istorije u ovom spotu,29,1637361892.0,2021-11-20T09:44:52,0,2025-10-17T18:41:02.038675
171,hlcx80p,t3_qxq7ll,qxq7ll,Patient_Signature467,"Ustanite i jebite, dosta je bilo letargije.",15,1637389923.0,2021-11-20T17:32:03,0,2025-10-17T18:41:02.038684
172,hld7y5t,t1_hlcx80p,qxq7ll,gadsdenovac,Ovo,4,1637398658.0,2021-11-20T19:57:38,1,2025-10-17T18:41:02.038692
173,hldeg2y,t3_qxq7ll,qxq7ll,schizoidman1,"\&gt;—Å—Ä–±–∏—ò–∞ –Ω–∏—ò–µ –Ω–∞ –ø—Ä–æ–¥–∞—ò—É

\&gt;—Ü–µ–ª–∞ –¥—Ä–∂–∞–≤–∞ —Ä–∞—Å–ø—Ä–æ–¥–∞—Ç–∞ —Å—Ç—Ä–∞–Ω—Ü–∏–º–∞ –ø—Ä–µ 20 –≥–æ–¥–∏–Ω–∞",9,1637404430.0,2021-11-20T21:33:50,0,2025-10-17T18:41:02.038699
174,hlbaav2,t3_qxq7ll,qxq7ll,misaizdaleka,"Gospoƒëa antipatiƒçna, Viktor sasvim dobar.",13,1637360338.0,2021-11-20T09:18:58,0,2025-10-17T18:41:02.038706
175,hlbg3an,t1_hlbaav2,qxq7ll,Pijetlo,Bogdanoviƒá solidan,41,1637362751.0,2021-11-20T09:59:11,1,2025-10-17T18:41:02.038713
176,hlbsciy,t1_hlbaav2,qxq7ll,No-Introduction44,Jbg. Nisi ni ti simpatiƒçan pa si se kandidovao na izborima. Radimo sa ƒçim imamo.,14,1637368035.0,2021-11-20T11:27:15,1,2025-10-17T18:41:02.038721
177,hlcz35p,t1_hlbsciy,qxq7ll,misaizdaleka,"Pa i to ≈°to ka≈æe≈°, neka si mi rekao.
P. S. Dakle ti si radio na produkciju reklame?",-10,1637391312.0,2021-11-20T17:55:12,2,2025-10-17T18:41:02.038729
178,hlf7fjd,t1_hlcz35p,qxq7ll,No-Introduction44,"Ma jok, mislim na pokret generalno.",1,1637437863.0,2021-11-21T06:51:03,3,2025-10-17T18:41:02.038737
179,hldmv1s,t3_qxq7ll,qxq7ll,bluemax23,"Ovo je komicno lose napravljen spot. Vecina gradjana Srbije nema pojma sta je Rio Tinto i zbog cega treba protestvovati protiv njih. Potreban je spot koji ce to objasniti, a ne ove amaterske gluposti, pricaju o nekakvim ratovima umesto o opipljivim posledicama koje mogu da pogode Srbiju i nasu ekologiju.",1,1637411164.0,2021-11-20T23:26:04,0,2025-10-17T18:41:02.038745
180,hlduygj,t1_hldmv1s,qxq7ll,Paradoxmt,"Bukvalno su imali dovoljno vremena da smisle normalnu reklamu, a ne oni snime ovo sranje i jos sto je najgore vecini se ova reklama sviƒëa. Ima dovoljan broj nas kojima ova reklama ne treba zato sto sami znamo da je Rio Tinto zlo, ali sta je sa ostalima koji ne znaju ovo im nece biti dovoljno da promene mi≈°ljenje ili da saznaju nesto novo i plus mogli su da naƒëu mnogo gore slike nego koje su pokazali pa da se narod malo opameti.",3,1637416294.0,2021-11-21T00:51:34,1,2025-10-17T18:41:02.038753
181,hldipr4,t3_qxq7ll,qxq7ll,Malone32,"[Nadam se da ce Vucic ovako da vraca lovu Rio Tintu](https://youtu.be/UXrMKVTumUs). 

Ako se ne digne kuka i motika ima da nas raskantaju kao zemlje u Africi.",1,1637407975.0,2021-11-20T22:32:55,0,2025-10-17T18:41:02.038760
182,hlde0u6,t3_qxq7ll,qxq7ll,Stoku_raca_cuva,"Hocete li da snimite spot za najveƒáeg srpskog neprijatelja, dramatiƒçna pauza dok je odmeravao pogledom Viktora i devojku nepoznatog imena. Sigurno ƒáe prihvatiti razmi≈°ljao je u sebi, jedva uzdr≈æav≈°i osmeh na svom okruglom licu.  Danas je vreme te≈°ko za drumske umetnike, nema posla. Mo≈æe se reƒái da je pod vodjstvom ovih novih haraƒçlija Srbija dobila novu boju, li≈°ene radosti... ili je to mo≈æda zbog vakcine. Samozadovoljno pogleda ka pravcu drugih osoba. Odgovara nije bilo, Viktor je odluƒçio da prekine ti≈°inu, pogledom koji se gubio u daljinu kao strela iskusnog strelca. Protiv koga je taj spot, vlasti, Hrvata, SAD-a, kapitalizma, zagaƒëenja, ugljene mafije, tiranije ? Ah ne, delimiƒçno ste bili u pravu Viktore, odgovori debeli gospodin, protiv Rio Tinta. Lets continue....",-2,1637404064.0,2021-11-20T21:27:44,0,2025-10-17T18:41:02.038767
183,hle1yzu,t3_qxq7ll,qxq7ll,shauni87,Lol na ‚Äúinformi≈°i te se‚Äù .. a ceo spot bukvalno breandead propaganda,1,1637419954.0,2021-11-21T01:52:34,0,2025-10-17T18:41:02.038774
184,jamyjh9,t3_11g0jjr,11g0jjr,Alfred_Bitchcock_13,"Zar mislite da je preCednik pickousti bezveze raspisao konkurs za 5000 pretorijanaca koje misli placati vise od hirurga ? Priznace Kosovo, poklonice Macvanski okrug Rio Tintu i smejace nam se u lice sa svih tv kanala. Sami smo krivi.",34,1677773788.0,2023-03-03T03:16:28,0,2025-10-17T18:41:05.630243
185,jap3rjt,t1_jamyjh9,11g0jjr,donau_kind,"Da ih je 50k, bice ih malo ako narod prokuva.",8,1677805238.0,2023-03-03T12:00:38,1,2025-10-17T18:41:05.630255
186,jam2w2o,t3_11g0jjr,11g0jjr,LilUziVertDickPic,"–ö–∞–∫–∞–≤ –ø—Ä–µ–æ–∫—Ä–µ—Ç, –æ–≤–æ –Ω–∏–∫–æ –Ω–∏—ò–µ –æ—á–µ–∫–∏–≤–∞–æ

–•–∏–ª –¥–∞ –≥–∞ –¥—É–≤–∞ –±—Ç—ö",131,1677759090.0,2023-03-02T23:11:30,0,2025-10-17T18:41:05.630263
187,jamagr7,t1_jam2w2o,11g0jjr,Srbistanac,![gif](giphy|jivGITd768psP80B2i),9,1677763432.0,2023-03-03T00:23:52,1,2025-10-17T18:41:05.630271
188,jam2r60,t3_11g0jjr,11g0jjr,Ser_Nikolaus,"&amp;#x200B;

https://i.redd.it/yike5nzvycla1.gif",90,1677759003.0,2023-03-02T23:10:03,0,2025-10-17T18:41:05.630278
189,jamsfmp,t3_11g0jjr,11g0jjr,peterk6,"Da imamo normalne i nekorumpirane ljude na vlasti, odgovorili bi: ""Gospodine Hil, vadite ga slobodno, ali kod kuƒáe.""",13,1677771380.0,2023-03-03T02:36:20,0,2025-10-17T18:41:05.630286
190,jam2s5u,t3_11g0jjr,11g0jjr,cicadaTree,"Ajde pokrenite to opet na velika vrata, pa da izadjemo ponovo na ulice da vas gazimo. 

Ucrvljao sam se u stolici.",46,1677759020.0,2023-03-02T23:10:20,0,2025-10-17T18:41:05.630292
191,jam45ml,t3_11g0jjr,11g0jjr,dunjaufijoci,"–ï, –∫–∞–¥ –Ω–µ—à—Ç–æ –ø–æ–¥—Ä–∂–∞–≤–∞—ò—É –∏ –•–∏–ª –∏ –®–µ—à–µ—ô, –æ–Ω–¥–∞ —Å—Ç–≤–∞—Ä–Ω–æ –Ω–µ –∑–Ω–∞–º —à—Ç–∞ –≤–∏—à–µ –∏–º–∞ –¥–∞ —Å–µ –±—É–Ω–∏–º–æ.",31,1677759890.0,2023-03-02T23:24:50,0,2025-10-17T18:41:05.630300
192,jam4zso,t3_11g0jjr,11g0jjr,Rorqual-101,Otkud sad ovo. Neocekivano skroz.,17,1677760399.0,2023-03-02T23:33:19,0,2025-10-17T18:41:05.630307
193,jamgx16,t3_11g0jjr,11g0jjr,krsto1914,"–ö–æ —ò–µ –∑–∞ —Ñ—Ä–∞–Ω—Ü—É—Å–∫–æ-–Ω–µ–º–∞—á–∫–∏ ""–ø–ª–∞–Ω"", —Ç–∞—ò —ò–µ –∏ –∑–∞ –†–∏–æ –¢–∏–Ω—Ç–æ, –∏ –∑–∞ –Ω–∞—Å—Ç–∞–≤–∞–∫ –≤–ª–∞–¥–∞–≤–∏–Ω–µ –°–ù–°–∞, —á–∏—Å—Ç–æ –¥–∞ –Ω–µ –±—É–¥–µ –∑–∞–±—É–Ω–µ.",28,1677766538.0,2023-03-03T01:15:38,0,2025-10-17T18:41:05.630314
194,jap5snv,t3_11g0jjr,11g0jjr,SuperDrinker,Vuƒçko ove godine selling Serbia speedrun,5,1677806170.0,2023-03-03T12:16:10,0,2025-10-17T18:41:05.630321
195,jam9w8r,t3_11g0jjr,11g0jjr,oneiroflot,"Malo je ƒçudno da se ovde ekolo≈°ka svest probudi samo kad je litijum u pitanju. Benzin - ni≈°ta, ugalj - ni≈°ta, grejanje na ƒëubre - ni≈°ta... Znamo svi kakva nam je generalno ekolo≈°ka svest. I onda, ƒçim se spomene litijum, odjednom skoƒçe neki ekolozi fanatici.",15,1677763137.0,2023-03-03T00:18:57,0,2025-10-17T18:41:05.630328
196,jamex1p,t1_jam9w8r,11g0jjr,JovoNanovo,"Veƒá smo u sranju sa ekologijom, bolje spreƒçiti nova zagaƒëenja na vreme nego posle poku≈°avati naterati zagaƒëivaƒçe na ispunjavanje zakonskih obaveza. Vidi primer Smedereva i Bora.",17,1677765628.0,2023-03-03T01:00:28,1,2025-10-17T18:41:05.630336
197,jao6mld,t3_11g0jjr,11g0jjr,vokille,"Kad je bio protest protiv, lepo su SNS, SPS, Dveri i ostala ekipa prozvali uƒçesnike protesta da su strani plaƒáenici ...",4,1677791337.0,2023-03-03T08:08:57,0,2025-10-17T18:41:05.630342
198,jam7u3t,t3_11g0jjr,11g0jjr,tibortru,A da te podrzimo malo da nam ga popusis?,10,1677762035.0,2023-03-03T00:00:35,0,2025-10-17T18:41:05.630349
199,jan8kn6,t3_11g0jjr,11g0jjr,partapart,"Da je gospodin Ambasador rekao ne≈°to u smislu da ƒáe se litijum vaditi uz maksimalno po≈°tovanje najstro≈æih procedura za za≈°titu okoline, kao i da ƒáe se te baterije praviti u Srbiji, pa da se i razmisli...

Mada, to je mo≈æda ipak ne≈°to ≈°to bi na≈°a vlast trebalo da izposluje za svoju zemlju. Ameriƒçki ambasador radi u interesu ameriƒçke kompanije. To mu je posao.",3,1677777664.0,2023-03-03T04:21:04,0,2025-10-17T18:41:05.630356
200,jam4gzf,t3_11g0jjr,11g0jjr,ActOk2712,Gde su sad liberali koji tvrde da nam zapad zeli dobro i da pricaju kako je samo Kosovo problem? Nastavljaju svoj otpad da prebacuju u nasu zemlju kako bih njihove bile ciste dok njihov kolonijalni upravnik vucic prihvata sve. Jesu li ovo stvarno saveznici koji nam trebaju?,18,1677760082.0,2023-03-02T23:28:02,0,2025-10-17T18:41:05.630362
201,jam57pj,t1_jam4gzf,11g0jjr,Puzzleheaded_Ad7397,"Mislim da niko osim zombiranih drugosrbijanaca bez dve sive celije ne smatra zapad za bilo kakvog naseg benefaktora. Da se zapad pita o svemu i da moze da uradi sta hoce, Srbije ne bi bilo na mapi. Tj. Oni bi najradje da nas nema.",17,1677760532.0,2023-03-02T23:35:32,1,2025-10-17T18:41:05.630369
202,jam5bzj,t1_jam4gzf,11g0jjr,DepressedLemur9,"Pa nije to sve Zapad, kao jedna masa, jedna taƒçka. Svuda ima≈° pohlepnih kompanija. Prirodno je da su takve, ne bi postojale da nisu. Zapad je bogatiji pa je samim tim i veƒáa verovatnoƒáa da ƒáe kompanija biti sa zapada. Ta priƒça da je Zapad nekakvo zlo, Mordor, koje ≈æeli da nas porobi i i eksploati≈°e je za moju pokojnu babu. Jednostavno, kompanija ≈æeli rudnik, i to je ok. Mi kao narod treba da ka≈æemo hvala na ponudi ali nismo zainteresovani. I to je to. Za≈°to odmah zli zapad uvek. Evo ti vidi ≈°ta nam Kinezi rade, ali to je izgleda ok. Su≈°tina je u korumpiranoj vlasti. To treba da nas brine, a ne kompanije odakle god da su.",7,1677760605.0,2023-03-02T23:36:45,1,2025-10-17T18:41:05.630377
203,jam6t07,t1_jam5bzj,11g0jjr,ActOk2712,"A potpuno imas odgovor kakav sam ocekivao hahahahahaha ajde da krenemo 1. Ambasador nije kompanija 2. Zapad je onaj koji tvrdi da je deo ‚Äúslobodnog sveta‚Äù a sve sto izvozi su ratovi i otpad 3. U interesu zapada nije da razvija ostale zemlje vec da ostanu korumpirane da oni mogu da uzimaju resurse i da imaju trziste za svoje proizvode 4. Obozavam ovo kad nisi za eu, ameriku odmah si za Rusiju i Kinu. Gde sam ja to rekao da ja volim Rusiju i Kinu? Sto se mene tice ako ima koristi moja drzava mahacu zastavom Pakistana ako treba ostalo mi je svejedno pa da celi svet nestane.",12,1677761461.0,2023-03-02T23:51:01,2,2025-10-17T18:41:05.630385
204,jam4x8e,t3_11g0jjr,11g0jjr,roader12,"–ù–µ–º–æ—ò—Ç–µ –¥–∞ –∏–¥–µ—Ç–µ –ø—Ä–æ—Ç–∏–≤ —Å–≤–µ—Ç–∞ –¥—Ä—É–≥–æ—Å—Ä–±–∏—ò–∞–Ω—Ü–∏, –º–∏ —Å–º–æ –º–∞–ª–∏ –∏ —Å–ª–∞–±–∏, —ò–∞—á–∏ –æ–¥ –Ω–∞—Å —Å—É –≤–µ—õ –æ–¥–ª—É—á–∏–ª–∏ –¥–∞ –∏–º —Ç—Ä–µ–±–∞ –†–∏–æ –¢–∏–Ω—Ç–æ, —Å—É–æ—á–∏—Ç–µ —Å–µ —Å–∞ —Ä–µ–∞–ª–Ω–æ—à—õ—É –∏ —Å–∞ –æ—Å–º–µ—Ö–æ–º –∑–∞–≥—ö—É—Ä–∏—Ç–µ —É –æ—Ç—Ä–æ–≤ —ò–µ—Ä —Ç–∞–∫–æ –Ω–∞—ò—ò–∞—á–∞ —Å–≤–µ—Ç—Å–∫–∞ —Å–∏–ª–∞ –Ω–∞—Ä–µ—í—É—ò–µ",12,1677760356.0,2023-03-02T23:32:36,0,2025-10-17T18:41:05.630392
205,jam7qdn,t1_jam4x8e,11g0jjr,_segamega_,"zar nije ƒáuta drugosrbijanac? savo manojlovic? vucic je samoljubivi srbin kao i ti, to mu je poreklo. ti guras kosovo po cenu propasti a on rio tinto.",12,1677761978.0,2023-03-02T23:59:38,1,2025-10-17T18:41:05.630400
206,jam6jcq,t3_11g0jjr,11g0jjr,National_Ad_3265,"Naravno da ƒáete vi da podr≈æite, do kraja da nas razjebete zarad va≈°ih interesa, dobiƒáete kurac",1,1677761308.0,2023-03-02T23:48:28,0,2025-10-17T18:41:05.630407
207,jambv4p,t3_11g0jjr,11g0jjr,branimir2208,Najbolje da zapad ƒáuti jer ƒáe u suprotno sebi spustiti rejting u minus.,2,1677764149.0,2023-03-03T00:35:49,0,2025-10-17T18:41:05.630414
208,jamkbb7,t1_jambv4p,11g0jjr,krsto1914,"–ù–µ —Ç—Ä–µ–±–∞ –∏–º —Ä–µ—ò—Ç–∏–Ω–≥, –∏–º–∞—ò—É –í—É—á–∏—õ–∞.",6,1677768018.0,2023-03-03T01:40:18,1,2025-10-17T18:41:05.630421
209,jamquu3,t3_11g0jjr,11g0jjr,LewsThTe,"Jos jedan razlog da budu proterani, kakav naslov, haha.",1,1677770748.0,2023-03-03T02:25:48,0,2025-10-17T18:41:05.630428
210,jambrqb,t3_11g0jjr,11g0jjr,KURCINAXXXL,"A ≈°ta ste mislili da Srbija ima buduƒánost?  Kada budu uzeli Kosovo pa onda sand≈æak i vojvodinu, ono ≈°to bude malo ostalo od Srbije a to je beogradski pa≈°aluk ƒáe Rio Tinto da rovari. To vam je ≈°to vam je.",0,1677764102.0,2023-03-03T00:35:02,0,2025-10-17T18:41:05.630436
211,jan0qiq,t1_jambrqb,11g0jjr,Belgrade_Knight,"Bato,vec smo jednom bili pa≈°aluk...",1,1677774644.0,2023-03-03T03:30:44,1,2025-10-17T18:41:05.630443
212,jamn8j4,t3_11g0jjr,11g0jjr,Inevitable-Bat-2936,"Drugari, ceo svet je izgradjen na rudama. Nema polemike da li to treba vaditi ili ne, naravno da treba i morace, odlicno je nalaziste, usralo nas.  


Treba se samo fokusirati na zastitu zivotne sredine i gde ce pare otici, ovo niko nece ""zaustaviti"" u tom smislu da se ne kopa, teorije nema niti je logicno. Zasto da ne iskoristimo to sto imamo. Pa pola skandinavije zivi na visokoj nozi od nafte.",-4,1677769248.0,2023-03-03T02:00:48,0,2025-10-17T18:41:05.630450
213,jan2qw4,t3_11g0jjr,11g0jjr,Chance-Bowl6176,"Sarena laza, tuzioci se ne vide, te smenjene pogotovo, nego daj baci neko kosku narodu, da je glodje... Na protest pozivaju cuvari vatre, Sve jasno",1,1677775427.0,2023-03-03T03:43:47,0,2025-10-17T18:41:05.630456
214,l7iov4v,t3_1da6p6k,1da6p6k,bofpisrebof,Fucking McKinsey,87,1717763408.0,2024-06-07T22:30:08,0,2025-10-17T18:41:08.587615
215,l7iyxeh,t1_l7iov4v,1da6p6k,cheeeze50,Des chums ce sont des chums,44,1717767464.0,2024-06-07T23:37:44,1,2025-10-17T18:41:08.587634
216,l7jguf4,t1_l7iyxeh,1da6p6k,GargantuaBob,"Consid√©rant que les partis politiques se succ√®dent √† la t√™te de l'√©tat, mais que McKinsey est toujours l√†, il faut appeler les choses par leur nom: les vrais ma√Ætres, ceux dont nous sommes la propri√©t√©, c'est McKinsey.

 Le politique n'est que la gang de chums.",17,1717773765.0,2024-06-08T01:22:45,2,2025-10-17T18:41:08.587644
217,l7isyfs,t3_1da6p6k,1da6p6k,traboulidon,"Ok. Pourquoi il n'y a pas une grande enqu√™te journalistique en profondeur sur McKinsey  pour nous expliquer et nous montrer jusqu'√† quel niveau ils ont infiltr√© les gouvernements?  C'est qui ces osties l√†? D‚Äôo√π ils viennent? Pourquoi ils sont fucking partout?? 

Pourquoi on ne parle pas plus d'eux?",45,1717765146.0,2024-06-07T22:59:06,0,2025-10-17T18:41:08.587655
218,l7iulus,t1_l7isyfs,1da6p6k,thehedgefrog,"Je travaille en consultation (pas chez McKinsey) et la r√©ponse, c'est que c'est un beau m√©lange de n√©potisme et de monde qui se doivent des faveurs.

C'est un tr√®s petit monde et tout le monde se connait, et tout le monde en doit une √† quelqu'un, et c'est rempli de kids de 22 ans que maman ou papa est quelqu'un de reconnu et qui ont tous les bons engagements pour toujours √™tre √† la bonne place.",29,1717765814.0,2024-06-07T23:10:14,1,2025-10-17T18:41:08.587664
219,l7ng4wx,t1_l7isyfs,1da6p6k,dadasees,"John Oliver et Last Week Tonight en ont fait un bon segment il y a quelques temps. C'est pas une grande enqu√™te journalistique en profondeur, mais c'est un d√©but qui donne quelques r√©ponses",3,1717835781.0,2024-06-08T18:36:21,1,2025-10-17T18:41:08.587675
220,l7iptlb,t3_1da6p6k,1da6p6k,Quick-Calligrapher93,"Je travaille chez HQ. Une eni√®me restructuration avec des gens de l‚Äôext√©rieur qui vont ¬´¬†brasser les choses¬†¬ª avec leur point de vue externe, mais qui ne connaissent rien ou presque au monde √©nerg√©tique et qui va changer fuckall. 

Chu tann√©. HQ n‚Äô√©tait pas bris√©, il faut arr√™ter de vouloir r√©parer cette soci√©t√© d‚Äô√©tat.",138,1717763825.0,2024-06-07T22:37:05,0,2025-10-17T18:41:08.587684
221,l7jw5wb,t1_l7iptlb,1da6p6k,akera099,"On dirait vraiment que c'est une tendance de gestion √†-la-Agile/Lean en Ti. Tu es nomm√© √† un poste, tu r√©organise toute (les r√©sultats ne sont pas importants), tu patine √† toute les rencontres, tu r√©p√®te des phrases creuses, tu rends la vie du personnel un enfer et ensuite tes sup√©rieurs applaudissent et tu re√ßois ta tape dans le dos.",18,1717778912.0,2024-06-08T02:48:32,1,2025-10-17T18:41:08.587693
222,l7miiml,t1_l7jw5wb,1da6p6k,mru1,"N'oublie pas l'√©tape o√π, apr√®s 2 ans (alors que ta ""r√©forme"" n'est pas finie), tu quittes pour un poste plus payant ailleurs et ton/ta successeur.e rebrasse encore une fois les cartes (parce qu'il faut bien montrer qu'on est une personne d'action!).

Rinse &amp; repeat",3,1717815080.0,2024-06-08T12:51:20,2,2025-10-17T18:41:08.587703
223,l7l3k1t,t1_l7iptlb,1da6p6k,Icommentor,"Le secteur priv√© a horreur du secteur public parce qu‚Äôil ne peut pas en soutirer des profits. 

√áa se transforme en haine quand le secteur public fonctionne bien parce que √ßa les fait mal para√Ætre. 

Alors ils mettent des amis au gouvernement et demandent que le secteur public soit d√©truit, en commen√ßant par ce qui va bien.",11,1717793666.0,2024-06-08T06:54:26,1,2025-10-17T18:41:08.587711
224,l7irwwd,t1_l7iptlb,1da6p6k,-_Blacklight_-,"&gt;mais qui ne connaissent rien ou presque au monde √©nerg√©tique et qui va changer fuckall. 

Juste pr√©ciser que Rio Tinto ont une filiale √ânergie √âlectrique qui produit, transporte et distribue de l'√©lectricit√© √† ses alumineries qui sont autonomes √† genre 95%...",26,1717764717.0,2024-06-07T22:51:57,1,2025-10-17T18:41:08.587719
225,l7j8c0a,t1_l7irwwd,1da6p6k,Quick-Calligrapher93,"Oui, mais c‚Äôest un dude √† la direction sur plusieurs nouveaux qui arrivent de Bell, du f√©d√©ral, de McKinsey, etc. Aussi, la r√©alit√© de RTA est bien diff√©rente de celle d‚ÄôHQ, entreprise r√®glement√©e. 

L‚Äôexpertise interne chez HQ est riche et c‚Äôest un putain de scandale qu‚Äôelle ne soit pas plus valoris√©e que √ßa.",22,1717770848.0,2024-06-08T00:34:08,2,2025-10-17T18:41:08.587728
226,l7iuvdn,t1_l7iptlb,1da6p6k,jp3372,"&gt;Chu tann√©. HQ n‚Äô√©tait pas bris√©, il faut arr√™ter de vouloir r√©parer cette soci√©t√© d‚Äô√©tat.

C'est un peu pour √ßa que la politique fait entrer des gens de l'ext√©rieur. Tout le monde √† l'interne dit cela, mais lorsque quelqu'un de l'externe enqu√™te sur Hydro, on r√©alise que le r√©seau et les √©quipements sont tr√®s mal en point, qu'on ne sera pas capable de fournir √† la demande avec l'√©lectrification des transports etc.

La plupart du monde doit bien travailler, mais il y a clairement des probl√®mes de vision et de gestion dans les hautes sph√®res d√©cisionnelles de notre soci√©t√© d'√âtat.",5,1717765918.0,2024-06-07T23:11:58,1,2025-10-17T18:41:08.587737
227,l7j7vcf,t1_l7iuvdn,1da6p6k,Quick-Calligrapher93,"Ces probl√®mes de sous financement des infrastructures de transport sont connus depuis longtemps. Bien avant que les mots √©lectrification des transports soient sur toutes les l√®vres. 

Quand je suis entr√© √† HQ voil√† 12 ans j‚Äô√©tais assign√© aux projets de r√©fection des postes √©lectriques. Lesdits postes souffraient de d√©ficit de maintenance depuis plusieurs dizaines d‚Äôann√©es d√©j√†. Les raisons?! 

L‚Äôimpossibilit√© pour HQ d‚Äôaugmenter les tarifs au prix du march√© pour d√©gager les marges n√©cessaires requises pour maintenir son r√©seau au niveau et l‚Äôexigence gouvernementale pour HQ de fournir un dividende toujours croissant ann√©e apr√®s ann√©e.

Ces r√©alit√©s n‚Äôont pas chang√©. C‚Äôest pas une autre r√©organisation qui va am√©liorer les affaires. 

Les gens √† l‚Äôinterne sont assez brillants pour savoir quoi faire, mais nous n‚Äôavons aucune confiance de la part des PDG successifs qui pr√©f√®rent faire rentrer leur garde rapproch√©e au d√©triment de l‚Äôexpertise b√¢tie √† l‚Äôinterne depuis plus de 75 ans.",21,1717770686.0,2024-06-08T00:31:26,2,2025-10-17T18:41:08.587747
228,l7jndgg,t1_l7j7vcf,1da6p6k,jp3372,"Hydro sort souvent des profits net de plusieurs milliards, pourquoi ce n'est pas r√©investi dans le r√©seau?",1,1717775954.0,2024-06-08T01:59:14,3,2025-10-17T18:41:08.587756
229,l7j3qnf,t1_l7iuvdn,1da6p6k,Pedentico,"&gt;La plupart du monde doit bien travailler, mais il y a clairement des probl√®mes de vision et de gestion dans les hautes sph√®res d√©cisionnelles de notre soci√©t√© d'√âtat.

100% 

Il y a beaucoup de monde talentueux chez HQ mais le syst√®me est vraiment mais vraiment inefficace. 

Les reorg qui s'encha√Ænent empirent le probl√®me √† mon avis. En 2 ans j'ai eu 3 boss diff√©rents qui ont chacun eu 2 ou 3 boss different dans le m√™me temps. Impossible d'avoir une √©quipe efficace quand la structure change tout le temps",10,1717769218.0,2024-06-08T00:06:58,2,2025-10-17T18:41:08.587765
230,l7jes8n,t3_1da6p6k,1da6p6k,mru1,"Trop d'importance accord√©e aux managers, plus assez aux ing√©nieurs (i.e personnel technique qui conna√Æt les probl√®mes et les solutions et qui a rendu possible Hydro-Qu√©bec).

Il fut une √©poque o√π le mandat d'HQ c'√©tait de s'assurer de l'autonomie √©nerg√©tique de la province, maintenant c'est de faire de l'argent.

C'est le ph√©nom√®ne de l'""enshittification"" qu'on voit malheureusement de plus en plus un peu partout.",17,1717773062.0,2024-06-08T01:11:02,0,2025-10-17T18:41:08.587773
231,l7jsv1g,t1_l7jes8n,1da6p6k,omegacluster,"En fran√ßais svp!

*emmardification*",3,1717777786.0,2024-06-08T02:29:46,1,2025-10-17T18:41:08.587782
232,l7i7poz,t3_1da6p6k,1da6p6k,padabrodeur,"Calice, il est en train d'empoisonner le puis. j'aurais jamais pens√© dire √ßa un jour, mais la caq risque de rivaliser avec Jean charest et le plq en terme de nocif pour le Qu√©bec.",94,1717754154.0,2024-06-07T19:55:54,0,2025-10-17T18:41:08.587790
233,l7i93oz,t1_l7i7poz,1da6p6k,Saint-Sauveur,Ca fait (d√©j√† trop) longtemps que la CAQ empoisonne le Qu√©bec malheureusement.,36,1717755084.0,2024-06-07T20:11:24,1,2025-10-17T18:41:08.587799
234,l7igtqu,t1_l7i7poz,1da6p6k,DrunkenSeaBass,Ils font pu juste rivaliser. Ils ont d√©classer Jean Charest.,26,1717759588.0,2024-06-07T21:26:28,1,2025-10-17T18:41:08.587807
235,l7ir5sr,t1_l7i7poz,1da6p6k,BuffTorpedoes,√áa fait un bout qu'ils sont pires.,13,1717764401.0,2024-06-07T22:46:41,1,2025-10-17T18:41:08.587815
236,l7ifkjw,t3_1da6p6k,1da6p6k,Lavabo_QC,Rio Tinto qui ferme ses anciennes usines Alcan mais garde les barrages et l'√©lectricit√© qu'elle revend.  La pire marde australienne,38,1717758931.0,2024-06-07T21:15:31,0,2025-10-17T18:41:08.587825
237,l7j3q6v,t3_1da6p6k,1da6p6k,Ferg8,D'autres chums! Ben trop d'argent √† faire l√†-dedans pour laisser passer √ßa hein mon Fitz!,9,1717769214.0,2024-06-08T00:06:54,0,2025-10-17T18:41:08.587833
238,l7lrnn0,t3_1da6p6k,1da6p6k,ok-MTLmunchies,La privatization continue,3,1717803134.0,2024-06-08T09:32:14,0,2025-10-17T18:41:08.587842
239,l7j8kxs,t3_1da6p6k,1da6p6k,levraimonamibob,"Eh voil√†, ca commence. Sabia √† l'oeuvre",5,1717770934.0,2024-06-08T00:35:34,0,2025-10-17T18:41:08.587850
240,l7jrbox,t3_1da6p6k,1da6p6k,Specialist_Author345,Hmmmmm,1,1717777272.0,2024-06-08T02:21:12,0,2025-10-17T18:41:08.587857
241,l7paeqi,t3_1da6p6k,1da6p6k,freddyg_mtl,"Et voici pourquoi je n'ai aucune confiance en un Qu√©bec ind√©pendant.

Un autre exemple de comment on serait dans la marde.",1,1717868073.0,2024-06-09T03:34:33,0,2025-10-17T18:41:08.587865
242,lh5c9od,t3_1encx3q,1encx3q,DokonaBudala,"Srbi Rio Tintu:

https://preview.redd.it/s0uws7b3ghhd1.jpeg?width=401&amp;format=pjpg&amp;auto=webp&amp;s=5ebed733142b87c0ee742a01cbbb4ce541163a11",109,1723141434.0,2024-08-09T04:23:54,0,2025-10-17T18:41:12.024636
243,lh5d0ox,t3_1encx3q,1encx3q,bastaja1337,Brt koliko su nasi lopovi uzeli kesa kada ne odustaju od ideje rudnika litjuma...,69,1723141661.0,2024-08-09T04:27:41,0,2025-10-17T18:41:12.024656
244,lh5dvfo,t1_lh5d0ox,1encx3q,RandomKarakter,"Verovatno koliko bi nama trajalo za 3 zivota. Mada rekao bih da tu ima I one ucene u fazonu ""Ako to ne sredis ne trebas nam wink wink""",38,1723141918.0,2024-08-09T04:31:58,1,2025-10-17T18:41:12.024665
245,lh5eqxv,t1_lh5dvfo,1encx3q,bastaja1337,I ja mislim da je to vise ucena. Mozda hoce da ga se rese ako im ne da taj rudnik u evropi,8,1723142185.0,2024-08-09T04:36:25,2,2025-10-17T18:41:12.024673
246,lh5f2ns,t1_lh5eqxv,1encx3q,RandomKarakter,A pare je verovatno vec potrosio lol,11,1723142283.0,2024-08-09T04:38:03,3,2025-10-17T18:41:12.024681
247,lh5eynz,t1_lh5eqxv,1encx3q,RandomKarakter,"Msm da je vise ako ti ne mozes nacemo nekog ko moze, + pare nazad",5,1723142249.0,2024-08-09T04:37:29,3,2025-10-17T18:41:12.024688
248,lh5attr,t3_1encx3q,1encx3q,mltronic,"Bullshit, and they know it.",40,1723141001.0,2024-08-09T04:16:41,0,2025-10-17T18:41:12.024697
249,lh5bw9a,t3_1encx3q,1encx3q,EEsamaNaGod,"Sjajni su. Profesionalno, nema ≈°ta. Daj nek kopaju nisu oni toliko lo≈°i kad ovako govore na Instagramu.",37,1723141323.0,2024-08-09T04:22:03,0,2025-10-17T18:41:12.024704
250,lh5csr6,t3_1encx3q,1encx3q,CaldariGirl,FPV dron moze da onesposobi masinu vrednu milione.,29,1723141594.0,2024-08-09T04:26:34,0,2025-10-17T18:41:12.024711
251,lh5iv2f,t3_1encx3q,1encx3q,MiGsaaa,"Jbt, al zaista ako ovo prodje... Mi kao narod, ne zbog rudarenja kao rudarenje smo ga ugasili. To ce biti kompletno slomljen narod gde ako pukne ova brana sve ce definitivno moci da prodje bez ikakvih posledica i odgovornosti. Ne vidim temu koja bi pored ove mogla da ujedini ljude bez obzira dal su sps, sns, i ostali.",17,1723143419.0,2024-08-09T04:56:59,0,2025-10-17T18:41:12.024719
252,lh5jfgh,t3_1encx3q,1encx3q,ShaneBoy_00X,https://preview.redd.it/vf5eylvkmhhd1.jpeg?width=474&amp;format=pjpg&amp;auto=webp&amp;s=cb89c24eb0fa1ab0cc139eac88a07f4050f2f69c,17,1723143588.0,2024-08-09T04:59:48,0,2025-10-17T18:41:12.024726
253,lh5ocm7,t1_lh5jfgh,1encx3q,More-Government4784,Ne umem da proƒçitam ≈°ta pi≈°e?,6,1723145097.0,2024-08-09T05:24:57,1,2025-10-17T18:41:12.024734
254,lh66xuq,t1_lh5ocm7,1encx3q,ShaneBoy_00X,End of üá∑üá∏,5,1723150652.0,2024-08-09T06:57:32,2,2025-10-17T18:41:12.024741
255,lh65h0a,t3_1encx3q,1encx3q,stojic_stevica,https://preview.redd.it/vstsjqna6ihd1.jpeg?width=700&amp;format=pjpg&amp;auto=webp&amp;s=a7a2610790a198c7885511d32b274fb213ce8c1c,15,1723150219.0,2024-08-09T06:50:19,0,2025-10-17T18:41:12.024748
256,lh5r5ny,t3_1encx3q,1encx3q,alex_under___,"Ej, ljudi, ajmo da se razbolimo da pa se lecimo!?Moze, a?",11,1723145944.0,2024-08-09T05:39:04,0,2025-10-17T18:41:12.024754
257,lh5v0j6,t3_1encx3q,1encx3q,Levomethamphetamine,"EU standardi, hah.",7,1723147089.0,2024-08-09T05:58:09,0,2025-10-17T18:41:12.024761
258,lh8vt9k,t3_1encx3q,1encx3q,myFullNameWasTaken,"Kul, a ≈°ta ako se ni≈°ta u praksi ne ispo≈°tuje?

https://youtu.be/15HTd4Um1m4?si=u0TRmnGriLpcY6go",3,1723193182.0,2024-08-09T18:46:22,0,2025-10-17T18:41:12.024769
259,lha8k62,t1_lh8vt9k,1encx3q,Veritas_McGroot,Ima≈° jedno suvi≈°no '≈°ta ako',2,1723215195.0,2024-08-10T00:53:15,1,2025-10-17T18:41:12.024776
260,lh5d2ly,t3_1encx3q,1encx3q,varoot,And the sky is blue,6,1723141677.0,2024-08-09T04:27:57,0,2025-10-17T18:41:12.024783
261,lh5iz1a,t1_lh5d2ly,1encx3q,springmanmccloud,In the other news..,3,1723143451.0,2024-08-09T04:57:31,1,2025-10-17T18:41:12.024791
262,lh8t2gt,t3_1encx3q,1encx3q,skajnjet,"Ako posle ovoga ostavimo na≈°e cenjene 'ucenjene' sugraƒëane da rade u institucijama jer '≈°ta ƒáe, moraju' tj. ne napravimo normalnu dr≈æavu sa funkcionalnim institucijama, samo je pitanje vremena ≈°ta je sledeƒáe, kao npr  skladi≈°tenje nuklearnog otpada, biohemijskih otrova, uvoz/≈°vercovanje zatrovane hrane za bebe iz drugih zemalja koju uvoze 'kumovi'(kao 90ih radikali-pravosrbijanci ratni profiteri,a danas kumovska elita) itd. itd.",2,1723191362.0,2024-08-09T18:16:02,0,2025-10-17T18:41:12.024798
263,lhedtmt,t3_1encx3q,1encx3q,preduhitrivac111,Sve je to lepo ali necete kopati,3,1723270207.0,2024-08-10T16:10:07,0,2025-10-17T18:41:12.024804
264,lhexufk,t3_1encx3q,1encx3q,black_sabb4th,"stock fotografije, trud 0",2,1723283474.0,2024-08-10T19:51:14,0,2025-10-17T18:41:12.024811
265,lh5vyse,t3_1encx3q,1encx3q,gucciuzumaki,Izvinite moze neko meni da objazni ocemu se radi? Za mene svuci rio tinto kao neki sok od capri sunce vrste. Samo sam cuo da politicari opet neke pare zaradili da ubija narod.,-6,1723147378.0,2024-08-09T06:02:58,0,2025-10-17T18:41:12.024818
266,n46wlzx,t3_1m4t62c,1m4t62c,bookishgirlstar,V√™ na good4life,1,1753030002.0,2025-07-21T02:46:42,0,2025-10-17T18:41:14.546140
267,n46yhyb,t1_n46wlzx,1m4t62c,EL_Ruca,"Obrigado, j√° tentei ligar, mas n√£o atenderam, devem estar fechados. Volto a ligar amanh√£ de manh√£.
Se entretanto algu√©m tiver mais recomenda√ß√µes, agrade√ßo!",1,1753030563.0,2025-07-21T02:56:03,1,2025-10-17T18:41:14.546166
268,n47b90k,t3_1m4t62c,1m4t62c,timichsa,"Espa√ßo Av√≥s | 22 111 45 64

Tenta amanh√£, tamb√©m.

Explicando a situa√ß√£o, ter√£o o cuidado de te arranjar uma resposta ajustada.
O acompanhamento por parte da empresa (quer das cuidadoras, quer √† fam√≠lia) √© bom.",1,1753034285.0,2025-07-21T03:58:05,0,2025-10-17T18:41:14.546176
269,n47y3mp,t1_n47b90k,1m4t62c,EL_Ruca,Muito obrigado! Vou ligar amanh√£ de manh√£!,1,1753041379.0,2025-07-21T05:56:19,1,2025-10-17T18:41:14.546185
270,n4hvsf4,t3_1m4t62c,1m4t62c,EquivalentAd5197,"Ol√°, sou enfermeira e uma colega minha tem uma empresa de apoio domicili√°rio nessa zona com escrit√≥rio. 
Segue aqui o site https://www.elenyscare.com/ In√≠cio | Elenys Care.
Recomendo a 100%. 
Boa sorte :)",1,1753176962.0,2025-07-22T19:36:02,0,2025-10-17T18:41:14.546193
271,mmry59d,t3_1jxodqy,1jxodqy,AutoModerator,"**Bem-vindo √† comunidade n√£o oficial da DIGI Portugal!**

Para evitar t√≥picos duplicados, l√™ o nosso [FAQ](https://www.reddit.com/r/digipt/comments/1grj5uv/faq_perguntas_frequentes/). A tua d√∫vida pode j√° ter sido respondida! 

*Esta mensagem foi gerada automaticamente.*

*I am a bot, and this action was performed automatically. Please [contact the moderators of this subreddit](/message/compose/?to=/r/digipt) if you have any questions or concerns.*",1,1744483711.0,2025-04-13T04:48:31,0,2025-10-17T18:41:21.049587
272,mms7qu8,t3_1jxodqy,1jxodqy,specter1901,"Qual √© a raz√£o, por a avalia√ß√£o do SpeedTest para ""Gaming"" ficar vermelha? E as outras ""nicles"", streaming e videochamadas...?",5,1744486929.0,2025-04-13T05:42:09,0,2025-10-17T18:41:21.049601
273,mmsbgpg,t1_mms7qu8,1jxodqy,BrunoXing2004,"As duas finais tiveram um bug e n√£o estavam a ser classificadas. Acho que √© por causa da nova anima√ß√£o da app do Speedtest.
Sobre o Gaming, tem um motivo simples: lat√™ncia em carga. Significa que, naquela liga√ß√£o, se algu√©m estiver a puxar pela rede no mesmo gateway, podes come√ßar a ter problemas de bufferbloat, o que pode acarretar packet loss",4,1744488163.0,2025-04-13T06:02:43,1,2025-10-17T18:41:21.049611
274,mmsrci2,t1_mmsbgpg,1jxodqy,specter1901,"Eu s√≥ perguntei, porque fiz o teste no meu e mostraram todos informa√ß√£o, apenas achei estranho. 

Mas sem d√∫vida, foi um bom teste.",2,1744493532.0,2025-04-13T07:32:12,2,2025-10-17T18:41:21.049620
275,mmsy17j,t1_mms7qu8,1jxodqy,pt_Ic3MaN,"Esquece isso, a app foi atualizada e agora vem com essa üí© mas √© uma treta. A mim aqui em casa a fazer testes a dar 950/ 500 com 10 de ping, no gaming e no streaming tamb√©m me fica a amarelo¬†",0,1744495891.0,2025-04-13T08:11:31,1,2025-10-17T18:41:21.049629
276,mmxhi4j,t1_mmsy17j,1jxodqy,specter1901,"A minha conclus√£o √© que os testes do ""net mede"" s√£o mais fi√°veis do que os do speedtest, at√© o nperf parece mais fidedigno.",1,1744566473.0,2025-04-14T03:47:53,2,2025-10-17T18:41:21.049636
277,mmuyj4d,t3_1jxodqy,1jxodqy,Ressacado_,"Ontem de tarde, tive de estar algum tempo no Parque Nascente; Na pra√ßa da alimenta√ß√£o tive 400/15. 
Apesar de n√£o ser n√∫meros grandes, representa uma evolu√ß√£o grande em rela√ß√£o a Novembro. 

No entanto, presumo porque o shopping ainda n√£o tem infraestrutura interna, h√° zonas (lojas) com pouca ou nenhuma rede. Os Shoppings e o metro ainda continuam a ser um calcanhar de Aquiles da Digi em termos de cobertura m√≥vel. 

Pessoalmente, frequento pouco estes espa√ßos, logo n√£o me preocupa. E fico positivamente agradado com a evolu√ß√£o da Digi nestes meses.",4,1744527482.0,2025-04-13T16:58:02,0,2025-10-17T18:41:21.049644
278,mmvag7t,t1_mmuyj4d,1jxodqy,BrunoXing2004,"Sobre o metro, se fores √† Trindade, linha do S√£o Jo√£o, vais ter uma surpresa üôÇ",3,1744534994.0,2025-04-13T19:03:14,1,2025-10-17T18:41:21.049652
279,mms7pva,t3_1jxodqy,1jxodqy,Few-Taro-1778,Tens mais rapida que eu em fibra da vodafone lol,5,1744486920.0,2025-04-13T05:42:00,0,2025-10-17T18:41:21.049659
280,mmsc54b,t1_mms7pva,1jxodqy,BrunoXing2004,"A Amigo:  
[https://www.speedtest.net/result/17607314751.png](https://www.speedtest.net/result/17607314751.png)

Aqui onde moro, n√£o vai ter fibra t√£o cedo, principalmente quando o contrato entre a M‚Ç¨O e a C4m4ra n√£o terminar...  
A NOWO parou em S√£o Roque, a DIGI fez o mesmo, a fibra pr√≥pria da NOS, idem.",3,1744488390.0,2025-04-13T06:06:30,1,2025-10-17T18:41:21.049667
281,mmsbout,t1_mms7pva,1jxodqy,BrunoXing2004,"Olha, se puderes muda para a fibra da Amigo. 
Se n√£o ligas a TV nem telefone fixo, ficas bem servido em zonas sem DIGI.
A Woo √© boa se quiseres bridge e o router mais potente.
A Uzo, bem... tudo o que seja MEO eu desconsidero pessoalmente, nunca tive boas experi√™ncias com eles.",1,1744488240.0,2025-04-13T06:04:00,1,2025-10-17T18:41:21.049673
282,mmsnbjo,t1_mmsbout,1jxodqy,Few-Taro-1778,Eu tenho digi aqui mas ainda tenho contrato com a fibra Vodafone¬†,1,1744492127.0,2025-04-13T07:08:47,2,2025-10-17T18:41:21.049682
283,mmtb6zy,t1_mmsnbjo,1jxodqy,BrunoXing2004,Nem penses duas vezes quando tiveres a fideliza√ß√£o terminada!,4,1744500798.0,2025-04-13T09:33:18,3,2025-10-17T18:41:21.049689
284,mmsn12y,t3_1jxodqy,1jxodqy,caparros,"Poderia ter cortado a parte da propaganda, burro",-6,1744492027.0,2025-04-13T07:07:07,0,2025-10-17T18:41:21.049695
285,hc8e0bj,t3_pl26r4,pl26r4,Wulfgang97,"I like how he‚Äôs finding his own sound, but I prefer his older music. Hopefully one day he‚Äôll circle back and make some more stuff like that",51,1631223375.0,2021-09-10T07:36:15,0,2025-10-17T18:41:25.737569
286,hca4jcj,t1_hc8e0bj,pl26r4,domooooooo,I‚Äôm in the same boat as you. Definitely liked his older stuff too but have the utmost respect given that he‚Äôs tryna do something else since future bass has been milked so hard these past few years,8,1631253988.0,2021-09-10T16:06:28,1,2025-10-17T18:41:25.737583
287,hc9kmcg,t1_hc8e0bj,pl26r4,Pinging,"I feel the same, I'm kicking myself for not picking up red rocks tickets before covid. But I'll be catching my first san holo in Nov! First show since bassnectar. RIP.",3,1631242489.0,2021-09-10T12:54:49,1,2025-10-17T18:41:25.737591
288,hccycw6,t1_hc9kmcg,pl26r4,MikeyNick4,"Every time I watch that red rocks YouTube video i kick myself for not going, it's SO GOOD. But I did get to see him at EDC 2018 which was pretty good too. 

I'm also seeing him in November in LA! I feel like artists never play their full full album, so here's to hoping we get at least 30 min of some old stuff mixed in ü§û",2,1631307803.0,2021-09-11T07:03:23,2,2025-10-17T18:41:25.737600
289,hef59zi,t1_hccycw6,pl26r4,jaureduz,"The only time I seen San Holo was for Escape Halloween 2019. I‚Äôm going to go see him on November in LA too! He is also going to be at DreamersEaters at Petco Park in San Diego, I‚Äôm definitely going to the one too.",1,1632705937.0,2021-09-27T11:25:37,3,2025-10-17T18:41:25.737608
290,hc7dbv7,t3_pl26r4,pl26r4,ABondaxFan,so excited to see him on tour in the next few months!,16,1631208325.0,2021-09-10T03:25:25,0,2025-10-17T18:41:25.737616
291,hc8vrt9,t1_hc7dbv7,pl26r4,FastMPC,Me too!! Seeing him in November; so excited that my first show will be my all time favorite artist,4,1631231319.0,2021-09-10T09:48:39,1,2025-10-17T18:41:25.737625
292,hc7utr0,t3_pl26r4,pl26r4,Skyline_Vixen,i was at that show!,9,1631215537.0,2021-09-10T05:25:37,0,2025-10-17T18:41:25.737632
293,hc82u2k,t3_pl26r4,pl26r4,liamrturner,I‚Äôm in there somewhere!,6,1631218792.0,2021-09-10T06:19:52,0,2025-10-17T18:41:25.737641
294,hc84qqo,t3_pl26r4,pl26r4,ROTTOUT,I saw him in person a couple years ago. It's amazing how much he looks like PewDiePie from a few rows back.,7,1631219569.0,2021-09-10T06:32:49,0,2025-10-17T18:41:25.737648
295,hcaqdh5,t3_pl26r4,pl26r4,buttfullofsparkles,"I'm walking down the aisle to this song, can't wait.",3,1631272033.0,2021-09-10T21:07:13,0,2025-10-17T18:41:25.737655
296,hp3upkz,t1_hcaqdh5,pl26r4,YouOnlyLiveOnceMaybe,I saved this post from awhile ago to learn it on guitar. Still haven‚Äôt found the name. Can you help me find it?,2,1639871411.0,2021-12-19T10:50:11,1,2025-10-17T18:41:25.737663
297,hp6kldg,t1_hp3upkz,pl26r4,brittaniwithani,it‚Äôs called ‚Äúin the end i just want you to be happy‚Äù by san holo :) check out his entire stay vibrant EP too!,2,1639931221.0,2021-12-20T03:27:01,2,2025-10-17T18:41:25.737671
298,hspoom4,t1_hcaqdh5,pl26r4,buttfullofsparkles,UPDATE: Got married to my best friend and totally walked down the aisle to the song,1,1642213188.0,2022-01-15T13:19:48,1,2025-10-17T18:41:25.737678
299,hcagpqz,t3_pl26r4,pl26r4,lonelyastronaut1,"I don't know if he's always been like this.. but I like ""guitar"" san holo a lot. 'you've changed i've changed' is probably my favorite song of his.",2,1631264119.0,2021-09-10T18:55:19,0,2025-10-17T18:41:25.737686
300,hcb4m8f,t3_pl26r4,pl26r4,BachelorLife,What song?,2,1631280098.0,2021-09-10T23:21:38,0,2025-10-17T18:41:25.737694
301,hcbjfmn,t1_hcb4m8f,pl26r4,turglow1,in the end i just want you to be happy,5,1631286509.0,2021-09-11T01:08:29,1,2025-10-17T18:41:25.737701
302,hcbjh22,t3_pl26r4,pl26r4,turglow1,"everyone asking what song, its ""in the end i just want you to be happy""",2,1631286525.0,2021-09-11T01:08:45,0,2025-10-17T18:41:25.737708
303,hc7oeb9,t3_pl26r4,pl26r4,qmcnam4002,"Ahh the good old days! 
Miss this",1,1631212882.0,2021-09-10T04:41:22,0,2025-10-17T18:41:25.737715
304,hc83389,t1_hc7oeb9,pl26r4,ABondaxFan,ya mean last week? :P,14,1631218897.0,2021-09-10T06:21:37,1,2025-10-17T18:41:25.737722
305,hc8832m,t3_pl26r4,pl26r4,Ptcgsince99,Can‚Äôt wait to see him in San Fran!,1,1631220931.0,2021-09-10T06:55:31,0,2025-10-17T18:41:25.737729
306,hc9ip2y,t3_pl26r4,pl26r4,REXcalibur1584s,"I thought the caption says ""han solo"" for 14 seconds haha",1,1631241605.0,2021-09-10T12:40:05,0,2025-10-17T18:41:25.737735
307,hcamep8,t3_pl26r4,pl26r4,common_name_69,who's this? this sounds lovely,0,1631269050.0,2021-09-10T20:17:30,0,2025-10-17T18:41:25.737743
308,hcb573x,t1_hcamep8,pl26r4,NBAFAN2000,San Holo,3,1631280376.0,2021-09-10T23:26:16,1,2025-10-17T18:41:25.737757
309,hcas936,t1_hcamep8,pl26r4,acey8pdcjsh32u9uajst,what do you mean?,1,1631273307.0,2021-09-10T21:28:27,1,2025-10-17T18:41:25.737764
310,hcb5328,t3_pl26r4,pl26r4,NBAFAN2000,ahhh waiting to cop those chicago tickets rn,1,1631280323.0,2021-09-10T23:25:23,0,2025-10-17T18:41:25.737772
311,hcbftxv,t3_pl26r4,pl26r4,Count4815,San Holo - one of the two reasons I am making music now!,1,1631285040.0,2021-09-11T00:44:00,0,2025-10-17T18:41:25.737779
312,hcblzpe,t3_pl26r4,pl26r4,JPumuckl,"I was here, was amazing!!",1,1631287552.0,2021-09-11T01:25:52,0,2025-10-17T18:41:25.737786
313,hcbzdfv,t3_pl26r4,pl26r4,xFrostyDog,Anyone else find it funny that this is an EDM artist? Makes me wonder if more artists will be adding acoustic elements to their music and performances.,1,1631292919.0,2021-09-11T02:55:19,0,2025-10-17T18:41:25.737792
314,hcdbyym,t3_pl26r4,pl26r4,YouOnlyLiveOnceMaybe,Anyone know the name of this song?,1,1631314042.0,2021-09-11T08:47:22,0,2025-10-17T18:41:25.737799
315,hcaa108,t3_pl26r4,pl26r4,Funk_you9,Good music but he‚Äôs a douche unfortunately,-5,1631258193.0,2021-09-10T17:16:33,0,2025-10-17T18:41:25.737805
316,hcasahf,t1_hcaa108,pl26r4,acey8pdcjsh32u9uajst,context?,7,1631273332.0,2021-09-10T21:28:52,1,2025-10-17T18:41:25.737813
317,hcbq1ls,t1_hcasahf,pl26r4,Funk_you9,"In 2017 he started having a relationship with one of my good friends. He would fly her out all over whenever he would come to the states. That would talk on the regular. She was constantly sending me pictures of them together. he even used her as one of his merch models. I got to smoke with him a few times after some of his shows. They had a ‚Äúrelationship‚Äù for about 2 years. He then start posting pictures with this girl &amp; gold my friend they got engaged. (Which after a while they broke off the engagement) 

Broke my friends heart.. 


Unfortunately stuff like that is pretty common when it comes to people in power. Shit sucks",-2,1631289188.0,2021-09-11T01:53:08,2,2025-10-17T18:41:25.737820
318,hcbs9tw,t1_hcbq1ls,pl26r4,acey8pdcjsh32u9uajst,"Did he do anything in specific to mistreat her? Was he abusive? Were they formally together and officially dating? Not pretending to know much about either side of the story, but it feels like a lot of details are missing about why he'd be a bad person

It kind of seems like they were seeing each other informally but they split up when there was no longer mutual attraction, which is pretty normal in relationships, let alone one with people who must travel for work 24/7 (pilots, traveling artists, flight attendants, etc)",5,1631290088.0,2021-09-11T02:08:08,3,2025-10-17T18:41:25.737828
319,hcbpnzh,t1_hcaa108,pl26r4,gamesloverjustice,I‚Äôve met him once and he‚Äôs super nice,2,1631289035.0,2021-09-11T01:50:35,1,2025-10-17T18:41:25.737835
320,hc9fwyi,t3_pl26r4,pl26r4,Equivalent-Macaron25,Now that‚Äôs a White crowd,-5,1631240334.0,2021-09-10T12:18:54,0,2025-10-17T18:41:25.737843
321,hcbs7rz,t1_hc9fwyi,pl26r4,Canuck-eh-saurus,Where was everybody else?,3,1631290064.0,2021-09-11T02:07:44,1,2025-10-17T18:41:25.737850
322,hc8vyhu,t3_pl26r4,pl26r4,StandardUS,I would have been furious that‚Äôs not impressive,-9,1631231403.0,2021-09-10T09:50:03,0,2025-10-17T18:41:25.737858
323,hc9g5su,t1_hc8vyhu,pl26r4,YaWitIt,"Hey man, you ain't wrong. If it was some no name, nobody would be impressed!",5,1631240441.0,2021-09-10T12:20:41,1,2025-10-17T18:41:25.737865
324,hc9g8u8,t1_hc9g5su,pl26r4,StandardUS,This is what I mean !,1,1631240478.0,2021-09-10T12:21:18,2,2025-10-17T18:41:25.737872
325,hcagsxk,t1_hc9g8u8,pl26r4,Liquidlino1978,"It was like stuff I practised when I was 12. Nothing worthy here at all. I don't get the love for San Holo, it's really average music.",0,1631264197.0,2021-09-10T18:56:37,3,2025-10-17T18:41:25.737879
326,mj5g7db,t3_1jh484z,1jh484z,CuriouserCat2,Aquifers are treasure. We‚Äôre throwing away our treasure again to please a huge company that doesn‚Äôt pay enough tax for my liking. We SUCK to allow this,19,1742654238.0,2025-03-23T01:37:18,0,2025-10-17T18:41:29.373298
327,mj7gzli,t1_mj5g7db,1jh484z,alpha77dx,"And we in a period of our history where water wars are fast becoming a reality. The first shot has been fired, Trump turning off the water supply to Mexico.

We the driest Island in the world yet we selling it off to profiteers and destroying our future needs while town run  near dry every summer. Why do we allow this epic level of stupidity. Rio should build its own desalination plant to offset any water extracted or used in mining and not touch the under ground rivers of the world.",6,1742677458.0,2025-03-23T08:04:18,1,2025-10-17T18:41:29.373317
328,mj7wtr8,t1_mj7gzli,1jh484z,CuriouserCat2,Yes yes yes. You get it. Why do so few people get it.,5,1742682858.0,2025-03-23T09:34:18,2,2025-10-17T18:41:29.373326
329,mj4f7c7,t3_1jh484z,1jh484z,Jealous-Hedgehog-734,"""Data relating to groundwater levels and vegetation health is also regularly reviewed by the Department of Water and Environmental Regulation.

But the department refused to answer questions about what those reviews had uncovered.""




So taxpayers are funding public research that the public aren't then privy to? This sounds like it's about one FoI request away from judicial engagement.",20,1742637346.0,2025-03-22T20:55:46,0,2025-10-17T18:41:29.373335
330,mj5s5s5,t3_1jh484z,1jh484z,KayaKulbardi,"The whole thing is fucked. 

Governments allowing too much water to be taken from the rivers and leaving nothing for the plants and animals, killing whole landscapes and leaving fuck all for the future. 

Tax payer money is used to fund government departments and their data collection, but government won‚Äôt share the data with us and treat us with contempt, completing ignoring that they‚Äôre supposed to be the public service. 

It‚Äôs the same story repeated over and over again. Where is it going to end? Enough is enough is enough.  I‚Äôm so sick of this shit.",7,1742658119.0,2025-03-23T02:41:59,0,2025-10-17T18:41:29.373342
331,mj7xmt0,t1_mj5s5s5,1jh484z,B0ssc0,All true.,1,1742683142.0,2025-03-23T09:39:02,1,2025-10-17T18:41:29.373350
332,mj4a2fp,t3_1jh484z,1jh484z,RearEngineer,"Ah yes, the classic Aussie resource playbook.. extract first, apologise later (if ever). Sacred sites? Cultural heritage? Pfft, just collateral damage when there‚Äôs groundwater to pump and profits to make. Honestly, it‚Äôs wild that we still have to fight tooth and nail just to protect what little hasn‚Äôt already been wrecked.",16,1742633933.0,2025-03-22T19:58:53,0,2025-10-17T18:41:29.373358
333,mj4kk8s,t3_1jh484z,1jh484z,BrightStick,"Fuck we have just fucked our underground water supply in a few decades. Good work multinational corporations and Federal and State Labor and LNP governments.¬†

What do we do when those corporations leave? Because they never clean up their mess. They sell it to some bogus company that can never afford the cleanup costs.¬†

Yes, minerals are vital for contemporary life but water is far more vital for any life‚Ä¶",8,1742640725.0,2025-03-22T21:52:05,0,2025-10-17T18:41:29.373366
334,n7lg6s2,t3_1mkuu06,1mkuu06,Zestyclose_Pop7013,Gute Aktie aber falsches Sub hier,1,1754658758.0,2025-08-08T23:12:38,0,2025-10-17T18:41:33.492722
335,n7lgjqx,t3_1mkuu06,1mkuu06,whitesilly101,"Ist n guter Schuppen.

Au√üerdem guter Einstiegpunkt momentan oder auch zum Nachkaufen.",1,1754658879.0,2025-08-08T23:14:39,0,2025-10-17T18:41:33.492736
336,n7lhu6k,t3_1mkuu06,1mkuu06,Vast_Tumbleweed7579,soweit ich wei√ü haben die paar interne Probleme weswegen auch die Dividende und auch der Umsatz r√ºckl√§ufig ist,1,1754659300.0,2025-08-08T23:21:40,0,2025-10-17T18:41:33.492744
337,mqlwlip,t3_1kevmat,1kevmat,silence7,The paper is [here](https://www.nature.com/articles/s41586-025-08751-3.epdf?sharing_token=aYeKM4zhcTR2O6oRhRVLoNRgN0jAjWel9jnR3ZoTv0PNVn5qNJQAINIGB8Dl-ZFRTyS-mzwm7biuxarmCU4f1LhRQUQFgMosLCKR4V6C3Q4yWKoZz-gSSq4XSmYXiT_Fz1dT9p-U0bbWS7-1MkTxnmqd0KzFVl5Mtw7cM-2K-zw%3D),4,1746395990.0,2025-05-05T07:59:50,0,2025-10-17T18:41:36.978008
338,mqm3qxf,t3_1kevmat,1kevmat,burstingman,Worth reading!,2,1746398476.0,2025-05-05T08:41:16,0,2025-10-17T18:41:36.978026
339,mqo6m7v,t3_1kevmat,1kevmat,2020WorstDraftEver,"""Companies that supply the demand have lots of pollution""

How insightful",2,1746430739.0,2025-05-05T17:38:59,0,2025-10-17T18:41:36.978034
340,mqom5p5,t3_1kevmat,1kevmat,Passenger_deleted,"Well they don't pay tax now so... And Woodside is a protected species. Head office in Australia, owes a BIG load of money to its US parent for some reason",1,1746440407.0,2025-05-05T20:20:07,0,2025-10-17T18:41:36.978042
341,mqonadi,t3_1kevmat,1kevmat,bgn2025,This paper is an absolute game changer and we need to spend their next 10 years on it and the subsequent work. This the paper that turns the fossil fuel industry into the tobacco industry.,1,1746441023.0,2025-05-05T20:30:23,0,2025-10-17T18:41:36.978051
342,n7lzkaf,t3_1mkwudh,1mkwudh,pissedfranco,Recome√ßo da carreira aos 39 anos √© sacanagem,9,1754664681.0,2025-08-09T00:51:21,0,2025-10-17T18:41:46.679941
343,n7navby,t3_1mkwudh,1mkwudh,IvanSonico,Recome√ßo de carreira com 39 anos? Acho melhor o Cuiabayern ficar de olho pq o Fluminense n√£o perdoa os vov√¥s,2,1754678128.0,2025-08-09T04:35:28,0,2025-10-17T18:41:46.679964
